Date,Month,Year,State,State Short,Employment_to_pop_pct,Unemployment_rate_pct
1/01/2010 0:00,1,2010,Australian Capital Territory,ACT,70.5272324,3.6996602
1/02/2010 0:00,2,2010,Australian Capital Territory,ACT,70.7212932,3.6435385
1/03/2010 0:00,3,2010,Australian Capital Territory,ACT,70.7977062,3.5826156
1/04/2010 0:00,4,2010,Australian Capital Territory,ACT,70.7592572,3.5204518
1/05/2010 0:00,5,2010,Australian Capital Territory,ACT,70.6646526,3.4589583
1/06/2010 0:00,6,2010,Australian Capital Territory,ACT,70.5995349,3.3971478
1/07/2010 0:00,7,2010,Australian Capital Territory,ACT,70.6305757,3.3406304
1/08/2010 0:00,8,2010,Australian Capital Territory,ACT,70.7692766,3.3007372
1/09/2010 0:00,9,2010,Australian Capital Territory,ACT,70.9405769,3.2891566
1/10/2010 0:00,10,2010,Australian Capital Territory,ACT,71.066533,3.3125156
1/11/2010 0:00,11,2010,Australian Capital Territory,ACT,71.09613,3.3737702
1/12/2010 0:00,12,2010,Australian Capital Territory,ACT,71.0215483,3.4689336
1/01/2011 0:00,1,2011,Australian Capital Territory,ACT,70.8557894,3.5863237
1/02/2011 0:00,2,2011,Australian Capital Territory,ACT,70.6272539,3.7116929
1/03/2011 0:00,3,2011,Australian Capital Territory,ACT,70.3843208,3.8293232
1/04/2011 0:00,4,2011,Australian Capital Territory,ACT,70.151781,3.926861
1/05/2011 0:00,5,2011,Australian Capital Territory,ACT,69.9616206,3.9931186
1/06/2011 0:00,6,2011,Australian Capital Territory,ACT,69.8169345,4.017747
1/07/2011 0:00,7,2011,Australian Capital Territory,ACT,69.7232068,3.9958452
1/08/2011 0:00,8,2011,Australian Capital Territory,ACT,69.6826592,3.9322577
1/09/2011 0:00,9,2011,Australian Capital Territory,ACT,69.6996122,3.8418778
1/10/2011 0:00,10,2011,Australian Capital Territory,ACT,69.7477037,3.7412116
1/11/2011 0:00,11,2011,Australian Capital Territory,ACT,69.7955393,3.6428581
1/12/2011 0:00,12,2011,Australian Capital Territory,ACT,69.8519374,3.5589443
1/01/2012 0:00,1,2012,Australian Capital Territory,ACT,69.9106421,3.501849
1/02/2012 0:00,2,2012,Australian Capital Territory,ACT,69.9618526,3.4759368
1/03/2012 0:00,3,2012,Australian Capital Territory,ACT,70.0177881,3.482339
1/04/2012 0:00,4,2012,Australian Capital Territory,ACT,70.0668769,3.5193832
1/05/2012 0:00,5,2012,Australian Capital Territory,ACT,70.1136404,3.5810499
1/06/2012 0:00,6,2012,Australian Capital Territory,ACT,70.1370259,3.6642852
1/07/2012 0:00,7,2012,Australian Capital Territory,ACT,70.1394859,3.7659409
1/08/2012 0:00,8,2012,Australian Capital Territory,ACT,70.1063054,3.8830938
1/09/2012 0:00,9,2012,Australian Capital Territory,ACT,70.0290706,4.0071216
1/10/2012 0:00,10,2012,Australian Capital Territory,ACT,69.9010982,4.1279427
1/11/2012 0:00,11,2012,Australian Capital Territory,ACT,69.7372885,4.234004
1/12/2012 0:00,12,2012,Australian Capital Territory,ACT,69.5543046,4.317996
1/01/2013 0:00,1,2013,Australian Capital Territory,ACT,69.3888599,4.3738263
1/02/2013 0:00,2,2013,Australian Capital Territory,ACT,69.2773447,4.3980658
1/03/2013 0:00,3,2013,Australian Capital Territory,ACT,69.2090355,4.3910754
1/04/2013 0:00,4,2013,Australian Capital Territory,ACT,69.1678867,4.3550001
1/05/2013 0:00,5,2013,Australian Capital Territory,ACT,69.1494557,4.2935516
1/06/2013 0:00,6,2013,Australian Capital Territory,ACT,69.114578,4.2126755
1/07/2013 0:00,7,2013,Australian Capital Territory,ACT,69.0102591,4.128582
1/08/2013 0:00,8,2013,Australian Capital Territory,ACT,68.8337763,4.0539677
1/09/2013 0:00,9,2013,Australian Capital Territory,ACT,68.6270556,3.9915317
1/10/2013 0:00,10,2013,Australian Capital Territory,ACT,68.4476319,3.9392263
1/11/2013 0:00,11,2013,Australian Capital Territory,ACT,68.3431341,3.8975893
1/12/2013 0:00,12,2013,Australian Capital Territory,ACT,68.3073183,3.8720821
1/01/2014 0:00,1,2014,Australian Capital Territory,ACT,68.3280574,3.8694655
1/02/2014 0:00,2,2014,Australian Capital Territory,ACT,68.3864389,3.8939171
1/03/2014 0:00,3,2014,Australian Capital Territory,ACT,68.4379783,3.948802
1/04/2014 0:00,4,2014,Australian Capital Territory,ACT,68.4136002,4.0329747
1/05/2014 0:00,5,2014,Australian Capital Territory,ACT,68.2734852,4.1413624
1/06/2014 0:00,6,2014,Australian Capital Territory,ACT,68.039169,4.2657707
1/07/2014 0:00,7,2014,Australian Capital Territory,ACT,67.763932,4.3927656
1/08/2014 0:00,8,2014,Australian Capital Territory,ACT,67.4928191,4.5053045
1/09/2014 0:00,9,2014,Australian Capital Territory,ACT,67.2399222,4.5911424
1/10/2014 0:00,10,2014,Australian Capital Territory,ACT,67.0324128,4.641603
1/11/2014 0:00,11,2014,Australian Capital Territory,ACT,66.9023408,4.655192
1/12/2014 0:00,12,2014,Australian Capital Territory,ACT,66.8772678,4.6375167
1/01/2015 0:00,1,2015,Australian Capital Territory,ACT,66.9304242,4.59989
1/02/2015 0:00,2,2015,Australian Capital Territory,ACT,67.0152654,4.5599055
1/03/2015 0:00,3,2015,Australian Capital Territory,ACT,67.0982138,4.5339865
1/04/2015 0:00,4,2015,Australian Capital Territory,ACT,67.1566896,4.535407
1/05/2015 0:00,5,2015,Australian Capital Territory,ACT,67.1478368,4.5729908
1/06/2015 0:00,6,2015,Australian Capital Territory,ACT,67.0417092,4.6468257
1/07/2015 0:00,7,2015,Australian Capital Territory,ACT,66.8813122,4.744796
1/08/2015 0:00,8,2015,Australian Capital Territory,ACT,66.7585428,4.8400988
1/09/2015 0:00,9,2015,Australian Capital Territory,ACT,66.7428577,4.9067028
1/10/2015 0:00,10,2015,Australian Capital Territory,ACT,66.8428616,4.9289087
1/11/2015 0:00,11,2015,Australian Capital Territory,ACT,66.9967111,4.9001922
1/12/2015 0:00,12,2015,Australian Capital Territory,ACT,67.1404527,4.8208838
1/01/2016 0:00,1,2016,Australian Capital Territory,ACT,67.2479633,4.6958939
1/02/2016 0:00,2,2016,Australian Capital Territory,ACT,67.3242389,4.5332275
1/03/2016 0:00,3,2016,Australian Capital Territory,ACT,67.3948409,4.3447956
1/04/2016 0:00,4,2016,Australian Capital Territory,ACT,67.4922225,4.147768
1/05/2016 0:00,5,2016,Australian Capital Territory,ACT,67.5992401,3.9643477
1/06/2016 0:00,6,2016,Australian Capital Territory,ACT,67.6780785,3.8142707
1/07/2016 0:00,7,2016,Australian Capital Territory,ACT,67.6999133,3.7067788
1/08/2016 0:00,8,2016,Australian Capital Territory,ACT,67.6615019,3.6438858
1/09/2016 0:00,9,2016,Australian Capital Territory,ACT,67.5983562,3.6235583
1/10/2016 0:00,10,2016,Australian Capital Territory,ACT,67.5448229,3.6377862
1/11/2016 0:00,11,2016,Australian Capital Territory,ACT,67.5114627,3.6807821
1/12/2016 0:00,12,2016,Australian Capital Territory,ACT,67.5154244,3.7411461
1/01/2017 0:00,1,2017,Australian Capital Territory,ACT,67.5240365,3.8097437
1/02/2017 0:00,2,2017,Australian Capital Territory,ACT,67.5101723,3.8794177
1/03/2017 0:00,3,2017,Australian Capital Territory,ACT,67.4789116,3.9452058
1/04/2017 0:00,4,2017,Australian Capital Territory,ACT,67.4601664,4.0054892
1/05/2017 0:00,5,2017,Australian Capital Territory,ACT,67.5128413,4.0578367
1/06/2017 0:00,6,2017,Australian Capital Territory,ACT,67.6642608,4.1012824
1/07/2017 0:00,7,2017,Australian Capital Territory,ACT,67.9010089,4.1343674
1/08/2017 0:00,8,2017,Australian Capital Territory,ACT,68.2061272,4.1542099
1/09/2017 0:00,9,2017,Australian Capital Territory,ACT,68.5535947,4.1586569
1/10/2017 0:00,10,2017,Australian Capital Territory,ACT,68.8847977,4.148497
1/11/2017 0:00,11,2017,Australian Capital Territory,ACT,69.1013071,4.1270302
1/12/2017 0:00,12,2017,Australian Capital Territory,ACT,69.1168591,4.1005536
1/01/2018 0:00,1,2018,Australian Capital Territory,ACT,68.9363176,4.068808
1/02/2018 0:00,2,2018,Australian Capital Territory,ACT,68.6407019,4.0283302
1/03/2018 0:00,3,2018,Australian Capital Territory,ACT,68.2945498,3.9792551
1/04/2018 0:00,4,2018,Australian Capital Territory,ACT,67.9917685,3.9212478
1/05/2018 0:00,5,2018,Australian Capital Territory,ACT,67.7738738,3.8560468
1/06/2018 0:00,6,2018,Australian Capital Territory,ACT,67.6584437,3.785362
1/07/2018 0:00,7,2018,Australian Capital Territory,ACT,67.6180495,3.7160818
1/08/2018 0:00,8,2018,Australian Capital Territory,ACT,67.587299,3.6595608
1/09/2018 0:00,9,2018,Australian Capital Territory,ACT,67.5200108,3.6215024
1/10/2018 0:00,10,2018,Australian Capital Territory,ACT,67.4259778,3.6013166
1/11/2018 0:00,11,2018,Australian Capital Territory,ACT,67.3469731,3.5954903
1/12/2018 0:00,12,2018,Australian Capital Territory,ACT,67.2959,3.5971027
1/01/2019 0:00,1,2019,Australian Capital Territory,ACT,67.2779479,3.6017592
1/02/2019 0:00,2,2019,Australian Capital Territory,ACT,67.3086657,3.6050825
1/03/2019 0:00,3,2019,Australian Capital Territory,ACT,67.3996322,3.6038432
1/04/2019 0:00,4,2019,Australian Capital Territory,ACT,67.5702587,3.5907129
1/05/2019 0:00,5,2019,Australian Capital Territory,ACT,67.7875121,3.5623359
1/06/2019 0:00,6,2019,Australian Capital Territory,ACT,68.0389575,3.5173185
1/07/2019 0:00,7,2019,Australian Capital Territory,ACT,68.2693648,3.4596176
1/08/2019 0:00,8,2019,Australian Capital Territory,ACT,68.445013,3.396724
1/09/2019 0:00,9,2019,Australian Capital Territory,ACT,68.5441349,3.3343876
1/10/2019 0:00,10,2019,Australian Capital Territory,ACT,68.5734387,3.2801537
1/11/2019 0:00,11,2019,Australian Capital Territory,ACT,68.5234119,3.2392423
1/12/2019 0:00,12,2019,Australian Capital Territory,ACT,68.4037055,3.2147888
1/01/2020 0:00,1,2020,Australian Capital Territory,ACT,68.2361061,3.2075787
1/02/2020 0:00,2,2020,Australian Capital Territory,ACT,68.0375485,3.2174374
1/03/2020 0:00,3,2020,Australian Capital Territory,ACT,67.8627731,3.2392292
1/04/2020 0:00,4,2020,Australian Capital Territory,ACT,67.7700633,4.0682715
1/05/2020 0:00,5,2020,Australian Capital Territory,ACT,67.8010632,4.093148
1/06/2020 0:00,6,2020,Australian Capital Territory,ACT,67.9828017,4.1160921
1/07/2020 0:00,7,2020,Australian Capital Territory,ACT,68.2978721,4.1313779
1/08/2020 0:00,8,2020,Australian Capital Territory,ACT,68.6849391,4.1353735
1/09/2020 0:00,9,2020,Australian Capital Territory,ACT,69.0155816,4.1336159
1/10/2020 0:00,10,2020,Australian Capital Territory,ACT,69.182243,4.1336648
1/11/2020 0:00,11,2020,Australian Capital Territory,ACT,69.1735158,4.1382586
1/12/2020 0:00,12,2020,Australian Capital Territory,ACT,69.0478791,4.1434784
1/01/2021 0:00,1,2021,Australian Capital Territory,ACT,68.8530119,4.1463087
1/02/2021 0:00,2,2021,Australian Capital Territory,ACT,68.6507913,4.144393
1/03/2021 0:00,3,2021,Australian Capital Territory,ACT,68.4785557,4.134003
1/04/2021 0:00,4,2021,Australian Capital Territory,ACT,68.3045022,4.114169
1/05/2021 0:00,5,2021,Australian Capital Territory,ACT,68.0932734,4.0905984
1/06/2021 0:00,6,2021,Australian Capital Territory,ACT,67.8162017,4.0674163
1/07/2021 0:00,7,2021,Australian Capital Territory,ACT,67.4792552,4.0455225
1/08/2021 0:00,8,2021,Australian Capital Territory,ACT,67.1509056,4.0212014
1/09/2021 0:00,9,2021,Australian Capital Territory,ACT,66.9563679,3.9864832
1/10/2021 0:00,10,2021,Australian Capital Territory,ACT,66.9664345,3.9377567
1/11/2021 0:00,11,2021,Australian Capital Territory,ACT,67.1827622,3.8723568
1/12/2021 0:00,12,2021,Australian Capital Territory,ACT,67.5373356,3.7942738
1/01/2022 0:00,1,2022,Australian Capital Territory,ACT,67.9602727,3.708727
1/02/2022 0:00,2,2022,Australian Capital Territory,ACT,68.3576855,3.6209871
1/03/2022 0:00,3,2022,Australian Capital Territory,ACT,68.6646745,3.5372211
1/04/2022 0:00,4,2022,Australian Capital Territory,ACT,68.8751959,3.4600339
1/05/2022 0:00,5,2022,Australian Capital Territory,ACT,69.0113976,3.388116
1/06/2022 0:00,6,2022,Australian Capital Territory,ACT,69.0987222,3.3208045
1/07/2022 0:00,7,2022,Australian Capital Territory,ACT,69.1960334,3.2545288
1/08/2022 0:00,8,2022,Australian Capital Territory,ACT,69.3033136,3.1923549
1/09/2022 0:00,9,2022,Australian Capital Territory,ACT,69.4299211,3.1391508
1/10/2022 0:00,10,2022,Australian Capital Territory,ACT,69.5903148,3.0977199
1/11/2022 0:00,11,2022,Australian Capital Territory,ACT,69.7786094,3.0697758
1/12/2022 0:00,12,2022,Australian Capital Territory,ACT,69.9757021,3.055996
1/01/2023 0:00,1,2023,Australian Capital Territory,ACT,70.149825,3.0600222
1/02/2023 0:00,2,2023,Australian Capital Territory,ACT,70.2555975,3.085535
1/03/2023 0:00,3,2023,Australian Capital Territory,ACT,70.2972246,3.1308097
1/04/2023 0:00,4,2023,Australian Capital Territory,ACT,70.2744625,3.2001813
1/05/2023 0:00,5,2023,Australian Capital Territory,ACT,70.2416745,3.292192
1/06/2023 0:00,6,2023,Australian Capital Territory,ACT,70.2268324,3.4003738
1/07/2023 0:00,7,2023,Australian Capital Territory,ACT,70.2347203,3.5188999
1/08/2023 0:00,8,2023,Australian Capital Territory,ACT,70.2293415,3.6392061
1/09/2023 0:00,9,2023,Australian Capital Territory,ACT,70.1610312,3.7541358
1/10/2023 0:00,10,2023,Australian Capital Territory,ACT,69.9768901,3.8557674
1/11/2023 0:00,11,2023,Australian Capital Territory,ACT,69.7030817,3.935896
1/12/2023 0:00,12,2023,Australian Capital Territory,ACT,69.4135968,3.986864
1/01/2024 0:00,1,2024,Australian Capital Territory,ACT,69.213476,3.9994835
1/02/2024 0:00,2,2024,Australian Capital Territory,ACT,69.1920098,3.967667
1/03/2024 0:00,3,2024,Australian Capital Territory,ACT,69.330378,3.8974768
1/04/2024 0:00,4,2024,Australian Capital Territory,ACT,69.5587198,3.798972
1/05/2024 0:00,5,2024,Australian Capital Territory,ACT,69.800518,3.6809469
1/06/2024 0:00,6,2024,Australian Capital Territory,ACT,69.9856609,3.5543414
1/07/2024 0:00,7,2024,Australian Capital Territory,ACT,70.0831328,3.4316602
1/08/2024 0:00,8,2024,Australian Capital Territory,ACT,70.1153417,3.3236841
1/09/2024 0:00,9,2024,Australian Capital Territory,ACT,70.1139433,3.2387293
1/10/2024 0:00,10,2024,Australian Capital Territory,ACT,70.0862231,3.1815004
1/11/2024 0:00,11,2024,Australian Capital Territory,ACT,70.050856,3.1550403
1/12/2024 0:00,12,2024,Australian Capital Territory,ACT,70.0070723,3.1629746
1/01/2025 0:00,1,2025,Australian Capital Territory,ACT,69.9385239,3.2069176
1/02/2025 0:00,2,2025,Australian Capital Territory,ACT,69.8555623,3.2837289
1/03/2025 0:00,3,2025,Australian Capital Territory,ACT,69.7665486,3.3884967
1/04/2025 0:00,4,2025,Australian Capital Territory,ACT,69.6593441,3.5136999
1/05/2025 0:00,5,2025,Australian Capital Territory,ACT,69.5144861,3.6480418
1/06/2025 0:00,6,2025,Australian Capital Territory,ACT,69.3398508,3.780547
1/07/2025 0:00,7,2025,Australian Capital Territory,ACT,69.1581576,3.9015975
1/08/2025 0:00,8,2025,Australian Capital Territory,ACT,69.0168219,4.0032336
1/09/2025 0:00,9,2025,Australian Capital Territory,ACT,68.9406565,4.0819124
1/01/2010 0:00,1,2010,New South Wales,NSW,59.5437756,5.6868691
1/02/2010 0:00,2,2010,New South Wales,NSW,59.5049459,5.5745774
1/03/2010 0:00,3,2010,New South Wales,NSW,59.4671517,5.4821534
1/04/2010 0:00,4,2010,New South Wales,NSW,59.4607705,5.4048652
1/05/2010 0:00,5,2010,New South Wales,NSW,59.5086721,5.336554
1/06/2010 0:00,6,2010,New South Wales,NSW,59.6202218,5.2676443
1/07/2010 0:00,7,2010,New South Wales,NSW,59.7900154,5.1987862
1/08/2010 0:00,8,2010,New South Wales,NSW,60.0012713,5.1294877
1/09/2010 0:00,9,2010,New South Wales,NSW,60.2238968,5.0658296
1/10/2010 0:00,10,2010,New South Wales,NSW,60.4309434,5.0133136
1/11/2010 0:00,11,2010,New South Wales,NSW,60.5902788,4.9779678
1/12/2010 0:00,12,2010,New South Wales,NSW,60.670207,4.9649554
1/01/2011 0:00,1,2011,New South Wales,NSW,60.6575188,4.9808118
1/02/2011 0:00,2,2011,New South Wales,NSW,60.5577364,5.0145231
1/03/2011 0:00,3,2011,New South Wales,NSW,60.4026319,5.0545199
1/04/2011 0:00,4,2011,New South Wales,NSW,60.2388809,5.1103779
1/05/2011 0:00,5,2011,New South Wales,NSW,60.1094429,5.1745607
1/06/2011 0:00,6,2011,New South Wales,NSW,60.039902,5.2329655
1/07/2011 0:00,7,2011,New South Wales,NSW,60.0234446,5.2786361
1/08/2011 0:00,8,2011,New South Wales,NSW,60.0323188,5.3089487
1/09/2011 0:00,9,2011,New South Wales,NSW,60.0410394,5.3179972
1/10/2011 0:00,10,2011,New South Wales,NSW,60.0293474,5.2982167
1/11/2011 0:00,11,2011,New South Wales,NSW,59.9819634,5.2547013
1/12/2011 0:00,12,2011,New South Wales,NSW,59.9124256,5.1910733
1/01/2012 0:00,1,2012,New South Wales,NSW,59.8377039,5.1220354
1/02/2012 0:00,2,2012,New South Wales,NSW,59.7776849,5.0673866
1/03/2012 0:00,3,2012,New South Wales,NSW,59.7395398,5.0367399
1/04/2012 0:00,4,2012,New South Wales,NSW,59.7216521,5.0226019
1/05/2012 0:00,5,2012,New South Wales,NSW,59.7319187,5.0199063
1/06/2012 0:00,6,2012,New South Wales,NSW,59.7715953,5.0273909
1/07/2012 0:00,7,2012,New South Wales,NSW,59.8268297,5.0400991
1/08/2012 0:00,8,2012,New South Wales,NSW,59.888076,5.0456257
1/09/2012 0:00,9,2012,New South Wales,NSW,59.9550104,5.0386657
1/10/2012 0:00,10,2012,New South Wales,NSW,60.027933,5.0311529
1/11/2012 0:00,11,2012,New South Wales,NSW,60.1125344,5.0383092
1/12/2012 0:00,12,2012,New South Wales,NSW,60.2080136,5.0820196
1/01/2013 0:00,1,2013,New South Wales,NSW,60.3003714,5.1633956
1/02/2013 0:00,2,2013,New South Wales,NSW,60.3766198,5.2569228
1/03/2013 0:00,3,2013,New South Wales,NSW,60.4127314,5.3553316
1/04/2013 0:00,4,2013,New South Wales,NSW,60.3878201,5.4501523
1/05/2013 0:00,5,2013,New South Wales,NSW,60.2966432,5.5311457
1/06/2013 0:00,6,2013,New South Wales,NSW,60.1515181,5.6024155
1/07/2013 0:00,7,2013,New South Wales,NSW,59.9760174,5.6737953
1/08/2013 0:00,8,2013,New South Wales,NSW,59.789203,5.7495731
1/09/2013 0:00,9,2013,New South Wales,NSW,59.6109687,5.8188341
1/10/2013 0:00,10,2013,New South Wales,NSW,59.4710813,5.8613051
1/11/2013 0:00,11,2013,New South Wales,NSW,59.4061534,5.8533363
1/12/2013 0:00,12,2013,New South Wales,NSW,59.4157791,5.7918709
1/01/2014 0:00,1,2014,New South Wales,NSW,59.4783171,5.6954052
1/02/2014 0:00,2,2014,New South Wales,NSW,59.5549735,5.6055729
1/03/2014 0:00,3,2014,New South Wales,NSW,59.6142859,5.5441094
1/04/2014 0:00,4,2014,New South Wales,NSW,59.6269869,5.5275062
1/05/2014 0:00,5,2014,New South Wales,NSW,59.5796964,5.5601686
1/06/2014 0:00,6,2014,New South Wales,NSW,59.4896118,5.6305352
1/07/2014 0:00,7,2014,New South Wales,NSW,59.3934972,5.7151496
1/08/2014 0:00,8,2014,New South Wales,NSW,59.3197453,5.8007108
1/09/2014 0:00,9,2014,New South Wales,NSW,59.2715965,5.8868319
1/10/2014 0:00,10,2014,New South Wales,NSW,59.2501742,5.9694081
1/11/2014 0:00,11,2014,New South Wales,NSW,59.2564693,6.0389397
1/12/2014 0:00,12,2014,New South Wales,NSW,59.2940247,6.0823145
1/01/2015 0:00,1,2015,New South Wales,NSW,59.3653808,6.0812913
1/02/2015 0:00,2,2015,New South Wales,NSW,59.4660114,6.0314695
1/03/2015 0:00,3,2015,New South Wales,NSW,59.5922617,5.9505421
1/04/2015 0:00,4,2015,New South Wales,NSW,59.735698,5.8719427
1/05/2015 0:00,5,2015,New South Wales,NSW,59.8861289,5.8194507
1/06/2015 0:00,6,2015,New South Wales,NSW,60.0368175,5.7952613
1/07/2015 0:00,7,2015,New South Wales,NSW,60.1996175,5.7733733
1/08/2015 0:00,8,2015,New South Wales,NSW,60.3830537,5.7336477
1/09/2015 0:00,9,2015,New South Wales,NSW,60.5760807,5.6556061
1/10/2015 0:00,10,2015,New South Wales,NSW,60.7511186,5.5453358
1/11/2015 0:00,11,2015,New South Wales,NSW,60.8788192,5.4273335
1/12/2015 0:00,12,2015,New South Wales,NSW,60.9495096,5.3278955
1/01/2016 0:00,1,2016,New South Wales,NSW,60.9710853,5.2583387
1/02/2016 0:00,2,2016,New South Wales,NSW,60.9663702,5.2166534
1/03/2016 0:00,3,2016,New South Wales,NSW,60.9503118,5.188639
1/04/2016 0:00,4,2016,New South Wales,NSW,60.9344265,5.1545392
1/05/2016 0:00,5,2016,New South Wales,NSW,60.9144198,5.1058677
1/06/2016 0:00,6,2016,New South Wales,NSW,60.8702055,5.0475633
1/07/2016 0:00,7,2016,New South Wales,NSW,60.7878456,4.9951378
1/08/2016 0:00,8,2016,New South Wales,NSW,60.6691382,4.960512
1/09/2016 0:00,9,2016,New South Wales,NSW,60.5187973,4.953362
1/10/2016 0:00,10,2016,New South Wales,NSW,60.3501645,4.9803194
1/11/2016 0:00,11,2016,New South Wales,NSW,60.1755744,5.0334516
1/12/2016 0:00,12,2016,New South Wales,NSW,60.0237084,5.0858692
1/01/2017 0:00,1,2017,New South Wales,NSW,59.9178101,5.1128957
1/02/2017 0:00,2,2017,New South Wales,NSW,59.8760269,5.0968511
1/03/2017 0:00,3,2017,New South Wales,NSW,59.9047534,5.0393959
1/04/2017 0:00,4,2017,New South Wales,NSW,60.0027376,4.9624255
1/05/2017 0:00,5,2017,New South Wales,NSW,60.1372974,4.8872058
1/06/2017 0:00,6,2017,New South Wales,NSW,60.2839115,4.8271375
1/07/2017 0:00,7,2017,New South Wales,NSW,60.4316013,4.7825118
1/08/2017 0:00,8,2017,New South Wales,NSW,60.5815886,4.7538605
1/09/2017 0:00,9,2017,New South Wales,NSW,60.7433749,4.7426926
1/10/2017 0:00,10,2017,New South Wales,NSW,60.9012162,4.7496892
1/11/2017 0:00,11,2017,New South Wales,NSW,61.0385387,4.7782369
1/12/2017 0:00,12,2017,New South Wales,NSW,61.135976,4.8306541
1/01/2018 0:00,1,2018,New South Wales,NSW,61.1960358,4.8917642
1/02/2018 0:00,2,2018,New South Wales,NSW,61.2318681,4.9414815
1/03/2018 0:00,3,2018,New South Wales,NSW,61.2511901,4.9674393
1/04/2018 0:00,4,2018,New South Wales,NSW,61.2693434,4.9567671
1/05/2018 0:00,5,2018,New South Wales,NSW,61.3033002,4.9126749
1/06/2018 0:00,6,2018,New South Wales,NSW,61.35954,4.839532
1/07/2018 0:00,7,2018,New South Wales,NSW,61.4268774,4.749157
1/08/2018 0:00,8,2018,New South Wales,NSW,61.5090614,4.6467025
1/09/2018 0:00,9,2018,New South Wales,NSW,61.6125579,4.5398237
1/10/2018 0:00,10,2018,New South Wales,NSW,61.7292332,4.4400513
1/11/2018 0:00,11,2018,New South Wales,NSW,61.8480807,4.3573354
1/12/2018 0:00,12,2018,New South Wales,NSW,61.9588117,4.3084564
1/01/2019 0:00,1,2019,New South Wales,NSW,62.0621669,4.3088894
1/02/2019 0:00,2,2019,New South Wales,NSW,62.1573296,4.3589775
1/03/2019 0:00,3,2019,New South Wales,NSW,62.2538808,4.4317966
1/04/2019 0:00,4,2019,New South Wales,NSW,62.3423373,4.4984318
1/05/2019 0:00,5,2019,New South Wales,NSW,62.4053392,4.5453366
1/06/2019 0:00,6,2019,New South Wales,NSW,62.4168201,4.5681433
1/07/2019 0:00,7,2019,New South Wales,NSW,62.3697754,4.5777742
1/08/2019 0:00,8,2019,New South Wales,NSW,62.2680033,4.582464
1/09/2019 0:00,9,2019,New South Wales,NSW,62.1350139,4.5944229
1/10/2019 0:00,10,2019,New South Wales,NSW,62.0072082,4.6108924
1/11/2019 0:00,11,2019,New South Wales,NSW,61.9101975,4.6182006
1/12/2019 0:00,12,2019,New South Wales,NSW,61.8440017,4.6023683
1/01/2020 0:00,1,2020,New South Wales,NSW,61.7971325,4.5658413
1/02/2020 0:00,2,2020,New South Wales,NSW,61.7672221,4.5319816
1/03/2020 0:00,3,2020,New South Wales,NSW,61.7759534,5.37502
1/04/2020 0:00,4,2020,New South Wales,NSW,58.6176807,6.5098361
1/05/2020 0:00,5,2020,New South Wales,NSW,58.7978174,6.5918024
1/06/2020 0:00,6,2020,New South Wales,NSW,59.0923056,6.6697927
1/07/2020 0:00,7,2020,New South Wales,NSW,59.4656954,6.7221768
1/08/2020 0:00,8,2020,New South Wales,NSW,59.8579771,6.7312618
1/09/2020 0:00,9,2020,New South Wales,NSW,60.2186747,6.6920199
1/10/2020 0:00,10,2020,New South Wales,NSW,60.5232986,6.6061823
1/11/2020 0:00,11,2020,New South Wales,NSW,60.7774109,6.4995444
1/12/2020 0:00,12,2020,New South Wales,NSW,61.0116254,6.3816108
1/01/2021 0:00,1,2021,New South Wales,NSW,61.2555834,6.2544924
1/02/2021 0:00,2,2021,New South Wales,NSW,61.5144775,5.6662525
1/03/2021 0:00,3,2021,New South Wales,NSW,61.7692942,5.5180689
1/04/2021 0:00,4,2021,New South Wales,NSW,61.9970222,5.3588321
1/05/2021 0:00,5,2021,New South Wales,NSW,62.1779297,5.1893501
1/06/2021 0:00,6,2021,New South Wales,NSW,62.2914459,5.0229815
1/07/2021 0:00,7,2021,New South Wales,NSW,62.3387511,4.8744726
1/08/2021 0:00,8,2021,New South Wales,NSW,58.9041976,5.0190858
1/09/2021 0:00,9,2021,New South Wales,NSW,58.9026527,4.925415
1/10/2021 0:00,10,2021,New South Wales,NSW,58.9376997,4.851905
1/11/2021 0:00,11,2021,New South Wales,NSW,61.7177098,4.5791605
1/12/2021 0:00,12,2021,New South Wales,NSW,61.8748591,4.0628341
1/01/2022 0:00,1,2022,New South Wales,NSW,62.0898473,3.9536551
1/02/2022 0:00,2,2022,New South Wales,NSW,62.3465113,3.8271953
1/03/2022 0:00,3,2022,New South Wales,NSW,62.6124717,3.7010163
1/04/2022 0:00,4,2022,New South Wales,NSW,62.8562056,3.5922622
1/05/2022 0:00,5,2022,New South Wales,NSW,63.0699591,3.5076242
1/06/2022 0:00,6,2022,New South Wales,NSW,63.2673068,3.4499597
1/07/2022 0:00,7,2022,New South Wales,NSW,63.4622092,3.4079448
1/08/2022 0:00,8,2022,New South Wales,NSW,63.6441365,3.3731447
1/09/2022 0:00,9,2022,New South Wales,NSW,63.7999104,3.3384938
1/10/2022 0:00,10,2022,New South Wales,NSW,63.9088872,3.3046462
1/11/2022 0:00,11,2022,New South Wales,NSW,63.9522984,3.2736395
1/12/2022 0:00,12,2022,New South Wales,NSW,63.9273772,3.2542218
1/01/2023 0:00,1,2023,New South Wales,NSW,63.8618734,3.2484139
1/02/2023 0:00,2,2023,New South Wales,NSW,63.7895764,3.2533998
1/03/2023 0:00,3,2023,New South Wales,NSW,63.7512049,3.2660321
1/04/2023 0:00,4,2023,New South Wales,NSW,63.74978,3.2815795
1/05/2023 0:00,5,2023,New South Wales,NSW,63.7658509,3.2997283
1/06/2023 0:00,6,2023,New South Wales,NSW,63.7769306,3.3236981
1/07/2023 0:00,7,2023,New South Wales,NSW,63.7732003,3.3520413
1/08/2023 0:00,8,2023,New South Wales,NSW,63.7567762,3.3881556
1/09/2023 0:00,9,2023,New South Wales,NSW,63.7311603,3.4312813
1/10/2023 0:00,10,2023,New South Wales,NSW,63.7005236,3.479321
1/11/2023 0:00,11,2023,New South Wales,NSW,63.6646747,3.5358105
1/12/2023 0:00,12,2023,New South Wales,NSW,63.6095733,3.6013155
1/01/2024 0:00,1,2024,New South Wales,NSW,63.52452,3.6702261
1/02/2024 0:00,2,2024,New South Wales,NSW,63.4264984,3.7391723
1/03/2024 0:00,3,2024,New South Wales,NSW,63.3454398,3.8056568
1/04/2024 0:00,4,2024,New South Wales,NSW,63.3022049,3.8615511
1/05/2024 0:00,5,2024,New South Wales,NSW,63.3084166,3.9039038
1/06/2024 0:00,6,2024,New South Wales,NSW,63.3467978,3.9313609
1/07/2024 0:00,7,2024,New South Wales,NSW,63.4047848,3.9433084
1/08/2024 0:00,8,2024,New South Wales,NSW,63.4832397,3.937493
1/09/2024 0:00,9,2024,New South Wales,NSW,63.5707479,3.9194867
1/10/2024 0:00,10,2024,New South Wales,NSW,63.6467538,3.9023527
1/11/2024 0:00,11,2024,New South Wales,NSW,63.6954361,3.8899027
1/12/2024 0:00,12,2024,New South Wales,NSW,63.7097349,3.8874113
1/01/2025 0:00,1,2025,New South Wales,NSW,63.6804265,3.9085906
1/02/2025 0:00,2,2025,New South Wales,NSW,63.6164403,3.9476223
1/03/2025 0:00,3,2025,New South Wales,NSW,63.5299295,3.9922029
1/04/2025 0:00,4,2025,New South Wales,NSW,63.4293942,4.0377219
1/05/2025 0:00,5,2025,New South Wales,NSW,63.3149771,4.0832223
1/06/2025 0:00,6,2025,New South Wales,NSW,63.1925036,4.1211503
1/07/2025 0:00,7,2025,New South Wales,NSW,63.0634116,4.1537231
1/08/2025 0:00,8,2025,New South Wales,NSW,62.934722,4.185223
1/09/2025 0:00,9,2025,New South Wales,NSW,62.8268156,4.2151404
1/01/2010 0:00,1,2010,Northern Territory,NT,70.9516973,3.1847419
1/02/2010 0:00,2,2010,Northern Territory,NT,70.4814715,3.1174493
1/03/2010 0:00,3,2010,Northern Territory,NT,70.0745412,3.0560299
1/04/2010 0:00,4,2010,Northern Territory,NT,69.9319318,2.9885613
1/05/2010 0:00,5,2010,Northern Territory,NT,70.1249521,2.9136087
1/06/2010 0:00,6,2010,Northern Territory,NT,70.5084607,2.8364933
1/07/2010 0:00,7,2010,Northern Territory,NT,70.8575822,2.765448
1/08/2010 0:00,8,2010,Northern Territory,NT,71.0187915,2.7060821
1/09/2010 0:00,9,2010,Northern Territory,NT,70.9818249,2.6670726
1/10/2010 0:00,10,2010,Northern Territory,NT,70.8609645,2.6507987
1/11/2010 0:00,11,2010,Northern Territory,NT,70.778855,2.655244
1/12/2010 0:00,12,2010,Northern Territory,NT,70.8019795,2.6764579
1/01/2011 0:00,1,2011,Northern Territory,NT,70.8714067,2.7146335
1/02/2011 0:00,2,2011,Northern Territory,NT,70.8494659,2.7800274
1/03/2011 0:00,3,2011,Northern Territory,NT,70.5736072,2.8881713
1/04/2011 0:00,4,2011,Northern Territory,NT,70.0542145,3.0460095
1/05/2011 0:00,5,2011,Northern Territory,NT,69.4901139,3.2475011
1/06/2011 0:00,6,2011,Northern Territory,NT,69.1222851,3.4701092
1/07/2011 0:00,7,2011,Northern Territory,NT,69.1558625,3.6836974
1/08/2011 0:00,8,2011,Northern Territory,NT,69.5570609,3.8674231
1/09/2011 0:00,9,2011,Northern Territory,NT,70.1409556,4.0105003
1/10/2011 0:00,10,2011,Northern Territory,NT,70.7233803,4.117283
1/11/2011 0:00,11,2011,Northern Territory,NT,71.1280786,4.1945405
1/12/2011 0:00,12,2011,Northern Territory,NT,71.288187,4.2466909
1/01/2012 0:00,1,2012,Northern Territory,NT,71.22759,4.2749625
1/02/2012 0:00,2,2012,Northern Territory,NT,71.0322592,4.2768455
1/03/2012 0:00,3,2012,Northern Territory,NT,70.8442858,4.2500639
1/04/2012 0:00,4,2012,Northern Territory,NT,70.7867123,4.2002791
1/05/2012 0:00,5,2012,Northern Territory,NT,70.857068,4.1381894
1/06/2012 0:00,6,2012,Northern Territory,NT,71.0508364,4.0722592
1/07/2012 0:00,7,2012,Northern Territory,NT,71.3200228,4.0181835
1/08/2012 0:00,8,2012,Northern Territory,NT,71.5908703,3.9930806
1/09/2012 0:00,9,2012,Northern Territory,NT,71.7481088,4.0137586
1/10/2012 0:00,10,2012,Northern Territory,NT,71.6482766,4.0909116
1/11/2012 0:00,11,2012,Northern Territory,NT,71.3025588,4.2244959
1/12/2012 0:00,12,2012,Northern Territory,NT,70.7978663,4.412422
1/01/2013 0:00,1,2013,Northern Territory,NT,70.2405504,4.6429873
1/02/2013 0:00,2,2013,Northern Territory,NT,69.8073779,4.8928377
1/03/2013 0:00,3,2013,Northern Territory,NT,69.6130842,5.131103
1/04/2013 0:00,4,2013,Northern Territory,NT,69.7047811,5.3218039
1/05/2013 0:00,5,2013,Northern Territory,NT,70.0380692,5.4381569
1/06/2013 0:00,6,2013,Northern Territory,NT,70.4940936,5.4698609
1/07/2013 0:00,7,2013,Northern Territory,NT,70.9399172,5.4177822
1/08/2013 0:00,8,2013,Northern Territory,NT,71.3028502,5.2886589
1/09/2013 0:00,9,2013,Northern Territory,NT,71.6269235,5.0911238
1/10/2013 0:00,10,2013,Northern Territory,NT,71.9620113,4.8430084
1/11/2013 0:00,11,2013,Northern Territory,NT,72.3032642,4.5683029
1/12/2013 0:00,12,2013,Northern Territory,NT,72.631004,4.2955987
1/01/2014 0:00,1,2014,Northern Territory,NT,72.8822606,4.0533723
1/02/2014 0:00,2,2014,Northern Territory,NT,72.8997348,3.8682678
1/03/2014 0:00,3,2014,Northern Territory,NT,72.6364616,3.7480384
1/04/2014 0:00,4,2014,Northern Territory,NT,72.1185619,3.6889799
1/05/2014 0:00,5,2014,Northern Territory,NT,71.4312826,3.6761551
1/06/2014 0:00,6,2014,Northern Territory,NT,70.7405313,3.6916681
1/07/2014 0:00,7,2014,Northern Territory,NT,70.171919,3.7215367
1/08/2014 0:00,8,2014,Northern Territory,NT,69.8355164,3.7563846
1/09/2014 0:00,9,2014,Northern Territory,NT,69.7854309,3.7877164
1/10/2014 0:00,10,2014,Northern Territory,NT,70.0035512,3.8166322
1/11/2014 0:00,11,2014,Northern Territory,NT,70.4971526,3.847103
1/12/2014 0:00,12,2014,Northern Territory,NT,71.1453137,3.890407
1/01/2015 0:00,1,2015,Northern Territory,NT,71.8089237,3.9528789
1/02/2015 0:00,2,2015,Northern Territory,NT,72.3960735,4.0319933
1/03/2015 0:00,3,2015,Northern Territory,NT,72.8240815,4.1211189
1/04/2015 0:00,4,2015,Northern Territory,NT,73.050272,4.2088745
1/05/2015 0:00,5,2015,Northern Territory,NT,73.1307613,4.284112
1/06/2015 0:00,6,2015,Northern Territory,NT,73.0670593,4.3405653
1/07/2015 0:00,7,2015,Northern Territory,NT,72.9139693,4.3720052
1/08/2015 0:00,8,2015,Northern Territory,NT,72.763475,4.3756522
1/09/2015 0:00,9,2015,Northern Territory,NT,72.6077365,4.3539675
1/10/2015 0:00,10,2015,Northern Territory,NT,72.395604,4.3122469
1/11/2015 0:00,11,2015,Northern Territory,NT,72.0852349,4.2565835
1/12/2015 0:00,12,2015,Northern Territory,NT,71.7501977,4.1877199
1/01/2016 0:00,1,2016,Northern Territory,NT,71.5185537,4.106616
1/02/2016 0:00,2,2016,Northern Territory,NT,71.4770675,4.0144882
1/03/2016 0:00,3,2016,Northern Territory,NT,71.6272664,3.9234976
1/04/2016 0:00,4,2016,Northern Territory,NT,71.8892387,3.8498463
1/05/2016 0:00,5,2016,Northern Territory,NT,72.1373693,3.8067956
1/06/2016 0:00,6,2016,Northern Territory,NT,72.2743696,3.8080688
1/07/2016 0:00,7,2016,Northern Territory,NT,72.2572987,3.8596934
1/08/2016 0:00,8,2016,Northern Territory,NT,72.0788691,3.9600411
1/09/2016 0:00,9,2016,Northern Territory,NT,71.8672054,4.0940011
1/10/2016 0:00,10,2016,Northern Territory,NT,71.7420051,4.2460621
1/11/2016 0:00,11,2016,Northern Territory,NT,71.7010185,4.4064315
1/12/2016 0:00,12,2016,Northern Territory,NT,71.679072,4.5633721
1/01/2017 0:00,1,2017,Northern Territory,NT,71.6008816,4.7042887
1/02/2017 0:00,2,2017,Northern Territory,NT,71.4504398,4.821775
1/03/2017 0:00,3,2017,Northern Territory,NT,71.2689664,4.913819
1/04/2017 0:00,4,2017,Northern Territory,NT,71.1012971,4.9851686
1/05/2017 0:00,5,2017,Northern Territory,NT,70.9531468,5.046654
1/06/2017 0:00,6,2017,Northern Territory,NT,70.8021822,5.1088763
1/07/2017 0:00,7,2017,Northern Territory,NT,70.6427456,5.1769849
1/08/2017 0:00,8,2017,Northern Territory,NT,70.483939,5.2489316
1/09/2017 0:00,9,2017,Northern Territory,NT,70.3554039,5.3214192
1/10/2017 0:00,10,2017,Northern Territory,NT,70.3140132,5.3867092
1/11/2017 0:00,11,2017,Northern Territory,NT,70.4057266,5.4330439
1/12/2017 0:00,12,2017,Northern Territory,NT,70.6018714,5.455547
1/01/2018 0:00,1,2018,Northern Territory,NT,70.8346386,5.4566203
1/02/2018 0:00,2,2018,Northern Territory,NT,71.0173867,5.4450639
1/03/2018 0:00,3,2018,Northern Territory,NT,71.0820872,5.4304604
1/04/2018 0:00,4,2018,Northern Territory,NT,71.0375665,5.4205875
1/05/2018 0:00,5,2018,Northern Territory,NT,70.9230144,5.4242985
1/06/2018 0:00,6,2018,Northern Territory,NT,70.8050625,5.4439283
1/07/2018 0:00,7,2018,Northern Territory,NT,70.727401,5.477497
1/08/2018 0:00,8,2018,Northern Territory,NT,70.6908554,5.5218692
1/09/2018 0:00,9,2018,Northern Territory,NT,70.6576665,5.5755921
1/10/2018 0:00,10,2018,Northern Territory,NT,70.5819466,5.6320558
1/11/2018 0:00,11,2018,Northern Territory,NT,70.4248868,5.688071
1/12/2018 0:00,12,2018,Northern Territory,NT,70.1696206,5.7431642
1/01/2019 0:00,1,2019,Northern Territory,NT,69.8387247,5.8017965
1/02/2019 0:00,2,2019,Northern Territory,NT,69.4896087,5.8705079
1/03/2019 0:00,3,2019,Northern Territory,NT,69.1697075,5.9494865
1/04/2019 0:00,4,2019,Northern Territory,NT,68.9208021,6.037359
1/05/2019 0:00,5,2019,Northern Territory,NT,68.7719113,6.1291076
1/06/2019 0:00,6,2019,Northern Territory,NT,68.7402312,6.2188595
1/07/2019 0:00,7,2019,Northern Territory,NT,68.8250752,6.3019459
1/08/2019 0:00,8,2019,Northern Territory,NT,69.0037934,6.3780712
1/09/2019 0:00,9,2019,Northern Territory,NT,69.1983633,6.4547359
1/10/2019 0:00,10,2019,Northern Territory,NT,69.3542209,6.5323956
1/11/2019 0:00,11,2019,Northern Territory,NT,69.4030006,6.6102297
1/12/2019 0:00,12,2019,Northern Territory,NT,69.3167367,6.6864348
1/01/2020 0:00,1,2020,Northern Territory,NT,69.1035119,6.7577795
1/02/2020 0:00,2,2020,Northern Territory,NT,68.8198559,6.8173114
1/03/2020 0:00,3,2020,Northern Territory,NT,68.553436,6.8562353
1/04/2020 0:00,4,2020,Northern Territory,NT,68.3759876,6.8669064
1/05/2020 0:00,5,2020,Northern Territory,NT,68.3407336,6.8439512
1/06/2020 0:00,6,2020,Northern Territory,NT,68.4453414,6.786904
1/07/2020 0:00,7,2020,Northern Territory,NT,68.6143009,6.7043712
1/08/2020 0:00,8,2020,Northern Territory,NT,68.8047936,6.6040275
1/09/2020 0:00,9,2020,Northern Territory,NT,69.0036753,6.4941057
1/10/2020 0:00,10,2020,Northern Territory,NT,69.1791506,6.3836027
1/11/2020 0:00,11,2020,Northern Territory,NT,69.3232067,6.283725
1/12/2020 0:00,12,2020,Northern Territory,NT,69.4745757,6.1978828
1/01/2021 0:00,1,2021,Northern Territory,NT,69.6182155,6.1266882
1/02/2021 0:00,2,2021,Northern Territory,NT,69.7024284,6.069541
1/03/2021 0:00,3,2021,Northern Territory,NT,69.6662382,6.0212505
1/04/2021 0:00,4,2021,Northern Territory,NT,69.508297,5.9693455
1/05/2021 0:00,5,2021,Northern Territory,NT,69.2623174,5.8992048
1/06/2021 0:00,6,2021,Northern Territory,NT,69.0235031,5.7977904
1/07/2021 0:00,7,2021,Northern Territory,NT,68.8932782,5.6605719
1/08/2021 0:00,8,2021,Northern Territory,NT,68.8756347,5.4972652
1/09/2021 0:00,9,2021,Northern Territory,NT,68.9254589,5.3229135
1/10/2021 0:00,10,2021,Northern Territory,NT,68.9754392,5.1515619
1/11/2021 0:00,11,2021,Northern Territory,NT,68.9571928,4.995224
1/12/2021 0:00,12,2021,Northern Territory,NT,68.835783,4.8631175
1/01/2022 0:00,1,2022,Northern Territory,NT,68.6660057,4.7528869
1/02/2022 0:00,2,2022,Northern Territory,NT,68.5531041,4.6557415
1/03/2022 0:00,3,2022,Northern Territory,NT,68.5927165,4.5638396
1/04/2022 0:00,4,2022,Northern Territory,NT,68.801063,4.4742201
1/05/2022 0:00,5,2022,Northern Territory,NT,69.1074206,4.3922574
1/06/2022 0:00,6,2022,Northern Territory,NT,69.4264831,4.3222207
1/07/2022 0:00,7,2022,Northern Territory,NT,69.6582705,4.2719333
1/08/2022 0:00,8,2022,Northern Territory,NT,69.7627499,4.2435049
1/09/2022 0:00,9,2022,Northern Territory,NT,69.755548,4.2320458
1/10/2022 0:00,10,2022,Northern Territory,NT,69.6788474,4.234533
1/11/2022 0:00,11,2022,Northern Territory,NT,69.608886,4.2471958
1/12/2022 0:00,12,2022,Northern Territory,NT,69.6161428,4.2625937
1/01/2023 0:00,1,2023,Northern Territory,NT,69.7230747,4.2776493
1/02/2023 0:00,2,2023,Northern Territory,NT,69.8704418,4.2958008
1/03/2023 0:00,3,2023,Northern Territory,NT,69.9794027,4.3188039
1/04/2023 0:00,4,2023,Northern Territory,NT,69.9711019,4.3489752
1/05/2023 0:00,5,2023,Northern Territory,NT,69.8388798,4.3865159
1/06/2023 0:00,6,2023,Northern Territory,NT,69.6053608,4.4281339
1/07/2023 0:00,7,2023,Northern Territory,NT,69.3601012,4.4648027
1/08/2023 0:00,8,2023,Northern Territory,NT,69.2111494,4.4856909
1/09/2023 0:00,9,2023,Northern Territory,NT,69.2260657,4.4838606
1/10/2023 0:00,10,2023,Northern Territory,NT,69.4326894,4.4572994
1/11/2023 0:00,11,2023,Northern Territory,NT,69.7835329,4.4080804
1/12/2023 0:00,12,2023,Northern Territory,NT,70.1605397,4.3453413
1/01/2024 0:00,1,2024,Northern Territory,NT,70.4343238,4.2793259
1/02/2024 0:00,2,2024,Northern Territory,NT,70.5578795,4.217609
1/03/2024 0:00,3,2024,Northern Territory,NT,70.5395922,4.164362
1/04/2024 0:00,4,2024,Northern Territory,NT,70.4200444,4.1256152
1/05/2024 0:00,5,2024,Northern Territory,NT,70.272421,4.1033229
1/06/2024 0:00,6,2024,Northern Territory,NT,70.1286085,4.0967786
1/07/2024 0:00,7,2024,Northern Territory,NT,69.9907469,4.1020502
1/08/2024 0:00,8,2024,Northern Territory,NT,69.8500715,4.1133712
1/09/2024 0:00,9,2024,Northern Territory,NT,69.7146655,4.1238455
1/10/2024 0:00,10,2024,Northern Territory,NT,69.6062208,4.12731
1/11/2024 0:00,11,2024,Northern Territory,NT,69.5531509,4.119203
1/12/2024 0:00,12,2024,Northern Territory,NT,69.5915727,4.0980485
1/01/2025 0:00,1,2025,Northern Territory,NT,69.7141398,4.071224
1/02/2025 0:00,2,2025,Northern Territory,NT,69.8524597,4.0473997
1/03/2025 0:00,3,2025,Northern Territory,NT,69.9189486,4.0356589
1/04/2025 0:00,4,2025,Northern Territory,NT,69.8917189,4.0412126
1/05/2025 0:00,5,2025,Northern Territory,NT,69.7913234,4.0636619
1/06/2025 0:00,6,2025,Northern Territory,NT,69.6633899,4.09957
1/07/2025 0:00,7,2025,Northern Territory,NT,69.5690387,4.1432234
1/08/2025 0:00,8,2025,Northern Territory,NT,69.5233025,4.1919089
1/09/2025 0:00,9,2025,Northern Territory,NT,69.4995585,4.2456657
1/01/2010 0:00,1,2010,Queensland,QLD,63.4230727,5.6758927
1/02/2010 0:00,2,2010,Queensland,QLD,63.5122295,5.6261812
1/03/2010 0:00,3,2010,Queensland,QLD,63.633963,5.5822073
1/04/2010 0:00,4,2010,Queensland,QLD,63.7456647,5.5352901
1/05/2010 0:00,5,2010,Queensland,QLD,63.8197188,5.4781939
1/06/2010 0:00,6,2010,Queensland,QLD,63.8562512,5.4085483
1/07/2010 0:00,7,2010,Queensland,QLD,63.8740046,5.3425634
1/08/2010 0:00,8,2010,Queensland,QLD,63.8875612,5.3097892
1/09/2010 0:00,9,2010,Queensland,QLD,63.9013106,5.328921
1/10/2010 0:00,10,2010,Queensland,QLD,63.8975678,5.3926635
1/11/2010 0:00,11,2010,Queensland,QLD,63.8601844,5.4756627
1/12/2010 0:00,12,2010,Queensland,QLD,63.7830437,5.5346562
1/01/2011 0:00,1,2011,Queensland,QLD,63.6812102,5.5480036
1/02/2011 0:00,2,2011,Queensland,QLD,63.5847214,5.519917
1/03/2011 0:00,3,2011,Queensland,QLD,63.5240585,5.4677623
1/04/2011 0:00,4,2011,Queensland,QLD,63.5105475,5.4251351
1/05/2011 0:00,5,2011,Queensland,QLD,63.5395646,5.4087607
1/06/2011 0:00,6,2011,Queensland,QLD,63.5863374,5.4247819
1/07/2011 0:00,7,2011,Queensland,QLD,63.6147607,5.4644899
1/08/2011 0:00,8,2011,Queensland,QLD,63.6164881,5.5042205
1/09/2011 0:00,9,2011,Queensland,QLD,63.598326,5.5331773
1/10/2011 0:00,10,2011,Queensland,QLD,63.5696405,5.5455091
1/11/2011 0:00,11,2011,Queensland,QLD,63.5296215,5.5381865
1/12/2011 0:00,12,2011,Queensland,QLD,63.4698834,5.5287537
1/01/2012 0:00,1,2012,Queensland,QLD,63.38451,5.5254111
1/02/2012 0:00,2,2012,Queensland,QLD,63.2699974,5.5274
1/03/2012 0:00,3,2012,Queensland,QLD,63.1458002,5.5378057
1/04/2012 0:00,4,2012,Queensland,QLD,63.015492,5.5722982
1/05/2012 0:00,5,2012,Queensland,QLD,62.8720222,5.6381434
1/06/2012 0:00,6,2012,Queensland,QLD,62.726336,5.7276578
1/07/2012 0:00,7,2012,Queensland,QLD,62.5990665,5.8370637
1/08/2012 0:00,8,2012,Queensland,QLD,62.5003153,5.947799
1/09/2012 0:00,9,2012,Queensland,QLD,62.4302703,6.0271158
1/10/2012 0:00,10,2012,Queensland,QLD,62.3855859,6.0596889
1/11/2012 0:00,11,2012,Queensland,QLD,62.3467708,6.0364776
1/12/2012 0:00,12,2012,Queensland,QLD,62.2964305,5.960717
1/01/2013 0:00,1,2013,Queensland,QLD,62.2105212,5.8624602
1/02/2013 0:00,2,2013,Queensland,QLD,62.092278,5.7846569
1/03/2013 0:00,3,2013,Queensland,QLD,61.9531718,5.7460278
1/04/2013 0:00,4,2013,Queensland,QLD,61.8347138,5.7472757
1/05/2013 0:00,5,2013,Queensland,QLD,61.7818098,5.7763678
1/06/2013 0:00,6,2013,Queensland,QLD,61.8069805,5.8091505
1/07/2013 0:00,7,2013,Queensland,QLD,61.8846505,5.825784
1/08/2013 0:00,8,2013,Queensland,QLD,61.9712887,5.8310567
1/09/2013 0:00,9,2013,Queensland,QLD,62.0104627,5.8460987
1/10/2013 0:00,10,2013,Queensland,QLD,61.9859509,5.8740531
1/11/2013 0:00,11,2013,Queensland,QLD,61.924064,5.9187437
1/12/2013 0:00,12,2013,Queensland,QLD,61.8657008,5.980747
1/01/2014 0:00,1,2014,Queensland,QLD,61.8531219,6.038075
1/02/2014 0:00,2,2014,Queensland,QLD,61.9004158,6.0792182
1/03/2014 0:00,3,2014,Queensland,QLD,61.9813376,6.1134169
1/04/2014 0:00,4,2014,Queensland,QLD,62.0505878,6.152017
1/05/2014 0:00,5,2014,Queensland,QLD,62.0576061,6.2097984
1/06/2014 0:00,6,2014,Queensland,QLD,61.9737431,6.3082058
1/07/2014 0:00,7,2014,Queensland,QLD,61.8142295,6.438444
1/08/2014 0:00,8,2014,Queensland,QLD,61.6143427,6.5620058
1/09/2014 0:00,9,2014,Queensland,QLD,61.418716,6.649965
1/10/2014 0:00,10,2014,Queensland,QLD,61.2588836,6.6887675
1/11/2014 0:00,11,2014,Queensland,QLD,61.1342076,6.6825864
1/12/2014 0:00,12,2014,Queensland,QLD,61.0547055,6.6433428
1/01/2015 0:00,1,2015,Queensland,QLD,61.0279392,6.5834491
1/02/2015 0:00,2,2015,Queensland,QLD,61.0422151,6.5181227
1/03/2015 0:00,3,2015,Queensland,QLD,61.0742863,6.4567789
1/04/2015 0:00,4,2015,Queensland,QLD,61.1052776,6.4036794
1/05/2015 0:00,5,2015,Queensland,QLD,61.1439889,6.3608107
1/06/2015 0:00,6,2015,Queensland,QLD,61.1976703,6.3230094
1/07/2015 0:00,7,2015,Queensland,QLD,61.2781398,6.2820365
1/08/2015 0:00,8,2015,Queensland,QLD,61.3864747,6.2376411
1/09/2015 0:00,9,2015,Queensland,QLD,61.5319623,6.1790754
1/10/2015 0:00,10,2015,Queensland,QLD,61.6809569,6.1043194
1/11/2015 0:00,11,2015,Queensland,QLD,61.8017556,6.0326449
1/12/2015 0:00,12,2015,Queensland,QLD,61.8464716,5.9941407
1/01/2016 0:00,1,2016,Queensland,QLD,61.7805942,6.0149652
1/02/2016 0:00,2,2016,Queensland,QLD,61.6163104,6.0843659
1/03/2016 0:00,3,2016,Queensland,QLD,61.3924663,6.1694278
1/04/2016 0:00,4,2016,Queensland,QLD,61.1454102,6.2380325
1/05/2016 0:00,5,2016,Queensland,QLD,60.8920497,6.2572195
1/06/2016 0:00,6,2016,Queensland,QLD,60.6600078,6.2175602
1/07/2016 0:00,7,2016,Queensland,QLD,60.4779106,6.1380844
1/08/2016 0:00,8,2016,Queensland,QLD,60.3508822,6.0472664
1/09/2016 0:00,9,2016,Queensland,QLD,60.2810196,5.9811657
1/10/2016 0:00,10,2016,Queensland,QLD,60.2669977,5.9648567
1/11/2016 0:00,11,2016,Queensland,QLD,60.3123891,5.9955035
1/12/2016 0:00,12,2016,Queensland,QLD,60.4118568,6.0401983
1/01/2017 0:00,1,2017,Queensland,QLD,60.5513247,6.0759149
1/02/2017 0:00,2,2017,Queensland,QLD,60.7104523,6.091327
1/03/2017 0:00,3,2017,Queensland,QLD,60.8890966,6.0828982
1/04/2017 0:00,4,2017,Queensland,QLD,61.0865112,6.0513532
1/05/2017 0:00,5,2017,Queensland,QLD,61.3028047,6.0072543
1/06/2017 0:00,6,2017,Queensland,QLD,61.5291713,5.9562297
1/07/2017 0:00,7,2017,Queensland,QLD,61.7303211,5.8971143
1/08/2017 0:00,8,2017,Queensland,QLD,61.8950362,5.8323669
1/09/2017 0:00,9,2017,Queensland,QLD,62.0176887,5.782067
1/10/2017 0:00,10,2017,Queensland,QLD,62.0969652,5.7591938
1/11/2017 0:00,11,2017,Queensland,QLD,62.127151,5.7890693
1/12/2017 0:00,12,2017,Queensland,QLD,62.0991698,5.8836547
1/01/2018 0:00,1,2018,Queensland,QLD,62.0356732,6.0144624
1/02/2018 0:00,2,2018,Queensland,QLD,61.9570453,6.1264316
1/03/2018 0:00,3,2018,Queensland,QLD,61.8884169,6.1905943
1/04/2018 0:00,4,2018,Queensland,QLD,61.8536665,6.1938644
1/05/2018 0:00,5,2018,Queensland,QLD,61.8574942,6.1422449
1/06/2018 0:00,6,2018,Queensland,QLD,61.8776933,6.0641823
1/07/2018 0:00,7,2018,Queensland,QLD,61.906683,5.9896182
1/08/2018 0:00,8,2018,Queensland,QLD,61.9396708,5.9401209
1/09/2018 0:00,9,2018,Queensland,QLD,61.957992,5.9087533
1/10/2018 0:00,10,2018,Queensland,QLD,61.9636871,5.8865504
1/11/2018 0:00,11,2018,Queensland,QLD,61.9614494,5.8642411
1/12/2018 0:00,12,2018,Queensland,QLD,61.9636026,5.8321219
1/01/2019 0:00,1,2019,Queensland,QLD,61.9600103,5.814791
1/02/2019 0:00,2,2019,Queensland,QLD,61.9325889,5.8365486
1/03/2019 0:00,3,2019,Queensland,QLD,61.8776819,5.9001987
1/04/2019 0:00,4,2019,Queensland,QLD,61.8077524,5.987961
1/05/2019 0:00,5,2019,Queensland,QLD,61.7549845,6.0897482
1/06/2019 0:00,6,2019,Queensland,QLD,61.7376728,6.1773069
1/07/2019 0:00,7,2019,Queensland,QLD,61.7544354,6.2202537
1/08/2019 0:00,8,2019,Queensland,QLD,61.7903887,6.2061456
1/09/2019 0:00,9,2019,Queensland,QLD,61.8367643,6.1413956
1/10/2019 0:00,10,2019,Queensland,QLD,61.8745204,6.0465661
1/11/2019 0:00,11,2019,Queensland,QLD,61.8873332,5.9265988
1/12/2019 0:00,12,2019,Queensland,QLD,61.8750987,5.7977965
1/01/2020 0:00,1,2020,Queensland,QLD,61.8411611,5.6819516
1/02/2020 0:00,2,2020,Queensland,QLD,61.8086952,5.6002772
1/03/2020 0:00,3,2020,Queensland,QLD,61.7973956,5.5657965
1/04/2020 0:00,4,2020,Queensland,QLD,58.2676175,7.3558709
1/05/2020 0:00,5,2020,Queensland,QLD,58.3702664,7.4337515
1/06/2020 0:00,6,2020,Queensland,QLD,58.5510914,7.5418292
1/07/2020 0:00,7,2020,Queensland,QLD,58.8060471,7.6523648
1/08/2020 0:00,8,2020,Queensland,QLD,60.4093307,7.5676883
1/09/2020 0:00,9,2020,Queensland,QLD,60.7421104,7.5658466
1/10/2020 0:00,10,2020,Queensland,QLD,61.0582678,7.4873274
1/11/2020 0:00,11,2020,Queensland,QLD,61.3329356,7.3524755
1/12/2020 0:00,12,2020,Queensland,QLD,61.5578305,7.1825032
1/01/2021 0:00,1,2021,Queensland,QLD,61.7536268,6.9796512
1/02/2021 0:00,2,2021,Queensland,QLD,61.9519085,6.124132
1/03/2021 0:00,3,2021,Queensland,QLD,62.1490478,5.9130239
1/04/2021 0:00,4,2021,Queensland,QLD,62.3441795,5.6978359
1/05/2021 0:00,5,2021,Queensland,QLD,62.5241641,5.4853088
1/06/2021 0:00,6,2021,Queensland,QLD,62.6743911,5.2988451
1/07/2021 0:00,7,2021,Queensland,QLD,62.7863156,5.1626603
1/08/2021 0:00,8,2021,Queensland,QLD,62.8591377,5.080569
1/09/2021 0:00,9,2021,Queensland,QLD,62.9176744,5.035051
1/10/2021 0:00,10,2021,Queensland,QLD,62.9957549,4.9940937
1/11/2021 0:00,11,2021,Queensland,QLD,63.1109845,4.5416512
1/12/2021 0:00,12,2021,Queensland,QLD,63.2706603,4.4544697
1/01/2022 0:00,1,2022,Queensland,QLD,63.4553435,4.3521215
1/02/2022 0:00,2,2022,Queensland,QLD,63.6420862,4.2504373
1/03/2022 0:00,3,2022,Queensland,QLD,63.829289,4.1522859
1/04/2022 0:00,4,2022,Queensland,QLD,64.0159883,4.0578338
1/05/2022 0:00,5,2022,Queensland,QLD,64.1761264,3.9564096
1/06/2022 0:00,6,2022,Queensland,QLD,64.298156,3.8325911
1/07/2022 0:00,7,2022,Queensland,QLD,64.3616258,3.693377
1/08/2022 0:00,8,2022,Queensland,QLD,64.3574236,3.5657434
1/09/2022 0:00,9,2022,Queensland,QLD,64.2863197,3.4826574
1/10/2022 0:00,10,2022,Queensland,QLD,64.1657744,3.4652801
1/11/2022 0:00,11,2022,Queensland,QLD,64.0324992,3.5090909
1/12/2022 0:00,12,2022,Queensland,QLD,63.9161445,3.5914719
1/01/2023 0:00,1,2023,Queensland,QLD,63.8366216,3.6845653
1/02/2023 0:00,2,2023,Queensland,QLD,63.7970174,3.7657516
1/03/2023 0:00,3,2023,Queensland,QLD,63.7781502,3.8289798
1/04/2023 0:00,4,2023,Queensland,QLD,63.7569156,3.8742124
1/05/2023 0:00,5,2023,Queensland,QLD,63.7250299,3.9090984
1/06/2023 0:00,6,2023,Queensland,QLD,63.6874867,3.9518039
1/07/2023 0:00,7,2023,Queensland,QLD,63.6565236,4.0101837
1/08/2023 0:00,8,2023,Queensland,QLD,63.6454446,4.0863331
1/09/2023 0:00,9,2023,Queensland,QLD,63.6742871,4.162736
1/10/2023 0:00,10,2023,Queensland,QLD,63.7493211,4.2189788
1/11/2023 0:00,11,2023,Queensland,QLD,63.8576366,4.2426998
1/12/2023 0:00,12,2023,Queensland,QLD,63.9801356,4.234044
1/01/2024 0:00,1,2024,Queensland,QLD,64.1011917,4.1904833
1/02/2024 0:00,2,2024,Queensland,QLD,64.2008709,4.1303783
1/03/2024 0:00,3,2024,Queensland,QLD,64.2800312,4.0798336
1/04/2024 0:00,4,2024,Queensland,QLD,64.3308433,4.0612312
1/05/2024 0:00,5,2024,Queensland,QLD,64.3572398,4.0709415
1/06/2024 0:00,6,2024,Queensland,QLD,64.3713576,4.0886249
1/07/2024 0:00,7,2024,Queensland,QLD,64.3874537,4.0909056
1/08/2024 0:00,8,2024,Queensland,QLD,64.4274857,4.064446
1/09/2024 0:00,9,2024,Queensland,QLD,64.4850461,4.015325
1/10/2024 0:00,10,2024,Queensland,QLD,64.5370303,3.9662981
1/11/2024 0:00,11,2024,Queensland,QLD,64.575584,3.9311737
1/12/2024 0:00,12,2024,Queensland,QLD,64.5866823,3.9232713
1/01/2025 0:00,1,2025,Queensland,QLD,64.5716704,3.9434079
1/02/2025 0:00,2,2025,Queensland,QLD,64.547674,3.9800091
1/03/2025 0:00,3,2025,Queensland,QLD,64.5255817,4.0118948
1/04/2025 0:00,4,2025,Queensland,QLD,64.5002989,4.0359692
1/05/2025 0:00,5,2025,Queensland,QLD,64.470789,4.0598643
1/06/2025 0:00,6,2025,Queensland,QLD,64.4230743,4.0906337
1/07/2025 0:00,7,2025,Queensland,QLD,64.3619998,4.1274705
1/08/2025 0:00,8,2025,Queensland,QLD,64.3001104,4.1649646
1/09/2025 0:00,9,2025,Queensland,QLD,64.2548554,4.1961199
1/01/2010 0:00,1,2010,South Australia,SA,60.0414307,5.1849195
1/02/2010 0:00,2,2010,South Australia,SA,59.9780428,5.2161931
1/03/2010 0:00,3,2010,South Australia,SA,59.8827813,5.284519
1/04/2010 0:00,4,2010,South Australia,SA,59.803229,5.3464617
1/05/2010 0:00,5,2010,South Australia,SA,59.7829406,5.3864257
1/06/2010 0:00,6,2010,South Australia,SA,59.8359422,5.4077776
1/07/2010 0:00,7,2010,South Australia,SA,59.9423909,5.417446
1/08/2010 0:00,8,2010,South Australia,SA,60.0471467,5.4286367
1/09/2010 0:00,9,2010,South Australia,SA,60.094282,5.4592094
1/10/2010 0:00,10,2010,South Australia,SA,60.0672426,5.5058898
1/11/2010 0:00,11,2010,South Australia,SA,60.0084441,5.5438268
1/12/2010 0:00,12,2010,South Australia,SA,59.9485611,5.5692491
1/01/2011 0:00,1,2011,South Australia,SA,59.9215023,5.5767156
1/02/2011 0:00,2,2011,South Australia,SA,59.9510575,5.556387
1/03/2011 0:00,3,2011,South Australia,SA,60.0241519,5.5002671
1/04/2011 0:00,4,2011,South Australia,SA,60.1086992,5.4088308
1/05/2011 0:00,5,2011,South Australia,SA,60.1711265,5.2980454
1/06/2011 0:00,6,2011,South Australia,SA,60.1891557,5.1932579
1/07/2011 0:00,7,2011,South Australia,SA,60.1662836,5.1300543
1/08/2011 0:00,8,2011,South Australia,SA,60.1212607,5.119075
1/09/2011 0:00,9,2011,South Australia,SA,60.0769569,5.1545001
1/10/2011 0:00,10,2011,South Australia,SA,60.0447784,5.2033237
1/11/2011 0:00,11,2011,South Australia,SA,60.0070103,5.2517793
1/12/2011 0:00,12,2011,South Australia,SA,59.958133,5.2734401
1/01/2012 0:00,1,2012,South Australia,SA,59.8806113,5.2701567
1/02/2012 0:00,2,2012,South Australia,SA,59.7701936,5.2599135
1/03/2012 0:00,3,2012,South Australia,SA,59.6363216,5.260229
1/04/2012 0:00,4,2012,South Australia,SA,59.4972929,5.2840121
1/05/2012 0:00,5,2012,South Australia,SA,59.3749348,5.3340571
1/06/2012 0:00,6,2012,South Australia,SA,59.2783531,5.4024968
1/07/2012 0:00,7,2012,South Australia,SA,59.2216761,5.4740487
1/08/2012 0:00,8,2012,South Australia,SA,59.2183785,5.5470292
1/09/2012 0:00,9,2012,South Australia,SA,59.2573345,5.6259821
1/10/2012 0:00,10,2012,South Australia,SA,59.3282742,5.6995253
1/11/2012 0:00,11,2012,South Australia,SA,59.4144844,5.7662774
1/12/2012 0:00,12,2012,South Australia,SA,59.4964015,5.8253237
1/01/2013 0:00,1,2013,South Australia,SA,59.5457542,5.8625663
1/02/2013 0:00,2,2013,South Australia,SA,59.5409532,5.8751376
1/03/2013 0:00,3,2013,South Australia,SA,59.4428018,5.9019482
1/04/2013 0:00,4,2013,South Australia,SA,59.2624342,5.9677475
1/05/2013 0:00,5,2013,South Australia,SA,59.016506,6.0851256
1/06/2013 0:00,6,2013,South Australia,SA,58.7440447,6.2484622
1/07/2013 0:00,7,2013,South Australia,SA,58.495968,6.4366607
1/08/2013 0:00,8,2013,South Australia,SA,58.2994596,6.6113752
1/09/2013 0:00,9,2013,South Australia,SA,58.1702788,6.7263545
1/10/2013 0:00,10,2013,South Australia,SA,58.0885492,6.7839148
1/11/2013 0:00,11,2013,South Australia,SA,58.018038,6.7923959
1/12/2013 0:00,12,2013,South Australia,SA,57.936267,6.7684258
1/01/2014 0:00,1,2014,South Australia,SA,57.8568099,6.7402066
1/02/2014 0:00,2,2014,South Australia,SA,57.8010243,6.7335216
1/03/2014 0:00,3,2014,South Australia,SA,57.7973793,6.7296932
1/04/2014 0:00,4,2014,South Australia,SA,57.8509275,6.7274867
1/05/2014 0:00,5,2014,South Australia,SA,57.9328104,6.7368152
1/06/2014 0:00,6,2014,South Australia,SA,58.0136642,6.7429484
1/07/2014 0:00,7,2014,South Australia,SA,58.0478255,6.725714
1/08/2014 0:00,8,2014,South Australia,SA,58.0159703,6.7017828
1/09/2014 0:00,9,2014,South Australia,SA,57.9180251,6.6969629
1/10/2014 0:00,10,2014,South Australia,SA,57.7797731,6.7118379
1/11/2014 0:00,11,2014,South Australia,SA,57.6479276,6.7264796
1/12/2014 0:00,12,2014,South Australia,SA,57.5582168,6.7497053
1/01/2015 0:00,1,2015,South Australia,SA,57.5269201,6.7843532
1/02/2015 0:00,2,2015,South Australia,SA,57.5366108,6.8553043
1/03/2015 0:00,3,2015,South Australia,SA,57.5687754,6.9897683
1/04/2015 0:00,4,2015,South Australia,SA,57.5825532,7.1902342
1/05/2015 0:00,5,2015,South Australia,SA,57.5561833,7.4257195
1/06/2015 0:00,6,2015,South Australia,SA,57.5003814,7.6481602
1/07/2015 0:00,7,2015,South Australia,SA,57.4473216,7.8037977
1/08/2015 0:00,8,2015,South Australia,SA,57.4344287,7.8237766
1/09/2015 0:00,9,2015,South Australia,SA,57.4681296,7.7004741
1/10/2015 0:00,10,2015,South Australia,SA,57.5371852,7.5085579
1/11/2015 0:00,11,2015,South Australia,SA,57.6145623,7.306298
1/12/2015 0:00,12,2015,South Australia,SA,57.6710611,7.1327094
1/01/2016 0:00,1,2016,South Australia,SA,57.6908845,7.0155403
1/02/2016 0:00,2,2016,South Australia,SA,57.672147,6.9429739
1/03/2016 0:00,3,2016,South Australia,SA,57.6254092,6.8911074
1/04/2016 0:00,4,2016,South Australia,SA,57.5747327,6.8483241
1/05/2016 0:00,5,2016,South Australia,SA,57.5519612,6.7989315
1/06/2016 0:00,6,2016,South Australia,SA,57.5611782,6.7518666
1/07/2016 0:00,7,2016,South Australia,SA,57.5879389,6.7376259
1/08/2016 0:00,8,2016,South Australia,SA,57.6293699,6.7485536
1/09/2016 0:00,9,2016,South Australia,SA,57.6879319,6.7460508
1/10/2016 0:00,10,2016,South Australia,SA,57.7515611,6.7029031
1/11/2016 0:00,11,2016,South Australia,SA,57.8038826,6.6499856
1/12/2016 0:00,12,2016,South Australia,SA,57.8328579,6.6188533
1/01/2017 0:00,1,2017,South Australia,SA,57.8433463,6.6257797
1/02/2017 0:00,2,2017,South Australia,SA,57.842831,6.6792327
1/03/2017 0:00,3,2017,South Australia,SA,57.8564636,6.7402731
1/04/2017 0:00,4,2017,South Australia,SA,57.9063913,6.7384165
1/05/2017 0:00,5,2017,South Australia,SA,57.9928614,6.6349621
1/06/2017 0:00,6,2017,South Australia,SA,58.1033181,6.4459868
1/07/2017 0:00,7,2017,South Australia,SA,58.2034566,6.2221264
1/08/2017 0:00,8,2017,South Australia,SA,58.2701461,6.0304792
1/09/2017 0:00,9,2017,South Australia,SA,58.3245258,5.932451
1/10/2017 0:00,10,2017,South Australia,SA,58.3918094,5.9198444
1/11/2017 0:00,11,2017,South Australia,SA,58.4878213,5.9465404
1/12/2017 0:00,12,2017,South Australia,SA,58.6104432,5.9766932
1/01/2018 0:00,1,2018,South Australia,SA,58.7443276,5.9762163
1/02/2018 0:00,2,2018,South Australia,SA,58.8676804,5.928878
1/03/2018 0:00,3,2018,South Australia,SA,58.9531243,5.8567233
1/04/2018 0:00,4,2018,South Australia,SA,58.9629938,5.7842395
1/05/2018 0:00,5,2018,South Australia,SA,58.8960448,5.7125676
1/06/2018 0:00,6,2018,South Australia,SA,58.782918,5.6485071
1/07/2018 0:00,7,2018,South Australia,SA,58.6609631,5.6022338
1/08/2018 0:00,8,2018,South Australia,SA,58.5616683,5.6076977
1/09/2018 0:00,9,2018,South Australia,SA,58.4948378,5.6625821
1/10/2018 0:00,10,2018,South Australia,SA,58.4830941,5.7380937
1/11/2018 0:00,11,2018,South Australia,SA,58.5490488,5.8275565
1/12/2018 0:00,12,2018,South Australia,SA,58.6865084,5.8961896
1/01/2019 0:00,1,2019,South Australia,SA,58.8734313,5.919259
1/02/2019 0:00,2,2019,South Australia,SA,59.0674029,5.9075784
1/03/2019 0:00,3,2019,South Australia,SA,59.2254206,5.8943761
1/04/2019 0:00,4,2019,South Australia,SA,59.3278115,5.9187274
1/05/2019 0:00,5,2019,South Australia,SA,59.3406719,5.9991926
1/06/2019 0:00,6,2019,South Australia,SA,59.2431116,6.1204028
1/07/2019 0:00,7,2019,South Australia,SA,59.0761663,6.2519436
1/08/2019 0:00,8,2019,South Australia,SA,58.8865643,6.3586801
1/09/2019 0:00,9,2019,South Australia,SA,58.7176673,6.4157043
1/10/2019 0:00,10,2019,South Australia,SA,58.6026475,6.4211084
1/11/2019 0:00,11,2019,South Australia,SA,58.545629,6.3700165
1/12/2019 0:00,12,2019,South Australia,SA,58.5206201,6.2777885
1/01/2020 0:00,1,2020,South Australia,SA,58.5105222,6.1741844
1/02/2020 0:00,2,2020,South Australia,SA,58.5322648,6.062945
1/03/2020 0:00,3,2020,South Australia,SA,58.6137819,5.9621468
1/04/2020 0:00,4,2020,South Australia,SA,57.3437406,6.9923473
1/05/2020 0:00,5,2020,South Australia,SA,55.7789358,7.9370426
1/06/2020 0:00,6,2020,South Australia,SA,56.1685177,7.8687872
1/07/2020 0:00,7,2020,South Australia,SA,56.6134593,7.7435286
1/08/2020 0:00,8,2020,South Australia,SA,57.0470203,7.542042
1/09/2020 0:00,9,2020,South Australia,SA,57.4032609,7.3006888
1/10/2020 0:00,10,2020,South Australia,SA,57.6284928,7.0646713
1/11/2020 0:00,11,2020,South Australia,SA,57.7359269,6.8702236
1/12/2020 0:00,12,2020,South Australia,SA,57.8018218,6.7242665
1/01/2021 0:00,1,2021,South Australia,SA,57.8984897,6.6157743
1/02/2021 0:00,2,2021,South Australia,SA,58.0750793,6.5060514
1/03/2021 0:00,3,2021,South Australia,SA,58.3550406,6.3520152
1/04/2021 0:00,4,2021,South Australia,SA,58.708807,6.1503472
1/05/2021 0:00,5,2021,South Australia,SA,59.0661742,5.9461223
1/06/2021 0:00,6,2021,South Australia,SA,59.364579,5.1844436
1/07/2021 0:00,7,2021,South Australia,SA,59.5657383,5.0807692
1/08/2021 0:00,8,2021,South Australia,SA,59.6798021,5.0214451
1/09/2021 0:00,9,2021,South Australia,SA,59.7545754,4.9932724
1/10/2021 0:00,10,2021,South Australia,SA,59.8344743,4.982413
1/11/2021 0:00,11,2021,South Australia,SA,59.9338424,4.9691147
1/12/2021 0:00,12,2021,South Australia,SA,60.0387532,4.9414155
1/01/2022 0:00,1,2022,South Australia,SA,60.1334309,4.8898346
1/02/2022 0:00,2,2022,South Australia,SA,60.197828,4.8165966
1/03/2022 0:00,3,2022,South Australia,SA,60.2120064,4.7335275
1/04/2022 0:00,4,2022,South Australia,SA,60.1897091,4.6311343
1/05/2022 0:00,5,2022,South Australia,SA,60.1722166,4.5075007
1/06/2022 0:00,6,2022,South Australia,SA,60.1843718,4.3837243
1/07/2022 0:00,7,2022,South Australia,SA,60.2363955,4.273831
1/08/2022 0:00,8,2022,South Australia,SA,60.3286753,4.1885475
1/09/2022 0:00,9,2022,South Australia,SA,60.4520249,4.1204361
1/10/2022 0:00,10,2022,South Australia,SA,60.601063,4.0656555
1/11/2022 0:00,11,2022,South Australia,SA,60.7576346,4.0369262
1/12/2022 0:00,12,2022,South Australia,SA,60.9270027,4.0320975
1/01/2023 0:00,1,2023,South Australia,SA,61.1061568,4.0394056
1/02/2023 0:00,2,2023,South Australia,SA,61.2772162,4.060406
1/03/2023 0:00,3,2023,South Australia,SA,61.4297364,4.0818468
1/04/2023 0:00,4,2023,South Australia,SA,61.5462478,4.0860284
1/05/2023 0:00,5,2023,South Australia,SA,61.6118414,4.0501592
1/06/2023 0:00,6,2023,South Australia,SA,61.6360232,3.9698106
1/07/2023 0:00,7,2023,South Australia,SA,61.635294,3.8685695
1/08/2023 0:00,8,2023,South Australia,SA,61.6032452,3.7865883
1/09/2023 0:00,9,2023,South Australia,SA,61.5399916,3.7523135
1/10/2023 0:00,10,2023,South Australia,SA,61.4351023,3.7720565
1/11/2023 0:00,11,2023,South Australia,SA,61.2843852,3.8315636
1/12/2023 0:00,12,2023,South Australia,SA,61.0798538,3.9101918
1/01/2024 0:00,1,2024,South Australia,SA,60.8272306,3.9753826
1/02/2024 0:00,2,2024,South Australia,SA,60.5701136,4.0127513
1/03/2024 0:00,3,2024,South Australia,SA,60.3447792,4.0181284
1/04/2024 0:00,4,2024,South Australia,SA,60.1727731,4.0118687
1/05/2024 0:00,5,2024,South Australia,SA,60.0807674,4.0119861
1/06/2024 0:00,6,2024,South Australia,SA,60.0791254,4.0194993
1/07/2024 0:00,7,2024,South Australia,SA,60.1528225,4.0290075
1/08/2024 0:00,8,2024,South Australia,SA,60.2887405,4.0389594
1/09/2024 0:00,9,2024,South Australia,SA,60.4525,4.0373424
1/10/2024 0:00,10,2024,South Australia,SA,60.6089679,4.0193501
1/11/2024 0:00,11,2024,South Australia,SA,60.7397481,3.9901683
1/12/2024 0:00,12,2024,South Australia,SA,60.8427834,3.9570696
1/01/2025 0:00,1,2025,South Australia,SA,60.9341374,3.9426754
1/02/2025 0:00,2,2025,South Australia,SA,61.0247931,3.9581687
1/03/2025 0:00,3,2025,South Australia,SA,61.1233633,4.0119158
1/04/2025 0:00,4,2025,South Australia,SA,61.2381603,4.1108815
1/05/2025 0:00,5,2025,South Australia,SA,61.3637769,4.2366667
1/06/2025 0:00,6,2025,South Australia,SA,61.4833507,4.3681714
1/07/2025 0:00,7,2025,South Australia,SA,61.5958177,4.4773809
1/08/2025 0:00,8,2025,South Australia,SA,61.7043189,4.5386378
1/09/2025 0:00,9,2025,South Australia,SA,61.8104844,4.5503221
1/01/2010 0:00,1,2010,Tasmania,TAS,57.3622,5.6814968
1/02/2010 0:00,2,2010,Tasmania,TAS,57.5642954,5.763844
1/03/2010 0:00,3,2010,Tasmania,TAS,57.768196,5.829505
1/04/2010 0:00,4,2010,Tasmania,TAS,57.9341622,5.8735131
1/05/2010 0:00,5,2010,Tasmania,TAS,58.0170292,5.8974743
1/06/2010 0:00,6,2010,Tasmania,TAS,58.027101,5.9006691
1/07/2010 0:00,7,2010,Tasmania,TAS,57.9815903,5.8855856
1/08/2010 0:00,8,2010,Tasmania,TAS,57.9154233,5.8501009
1/09/2010 0:00,9,2010,Tasmania,TAS,57.8562893,5.795035
1/10/2010 0:00,10,2010,Tasmania,TAS,57.8187133,5.7255111
1/11/2010 0:00,11,2010,Tasmania,TAS,57.8320154,5.6478849
1/12/2010 0:00,12,2010,Tasmania,TAS,57.8857249,5.5674634
1/01/2011 0:00,1,2011,Tasmania,TAS,57.9393414,5.4902757
1/02/2011 0:00,2,2011,Tasmania,TAS,57.9464956,5.4222947
1/03/2011 0:00,3,2011,Tasmania,TAS,57.8860948,5.3666215
1/04/2011 0:00,4,2011,Tasmania,TAS,57.7444491,5.3330065
1/05/2011 0:00,5,2011,Tasmania,TAS,57.5677934,5.3255044
1/06/2011 0:00,6,2011,Tasmania,TAS,57.3971066,5.3502662
1/07/2011 0:00,7,2011,Tasmania,TAS,57.2741905,5.4095572
1/08/2011 0:00,8,2011,Tasmania,TAS,57.2114958,5.5087678
1/09/2011 0:00,9,2011,Tasmania,TAS,57.20466,5.6507629
1/10/2011 0:00,10,2011,Tasmania,TAS,57.2219868,5.8295231
1/11/2011 0:00,11,2011,Tasmania,TAS,57.185562,6.0359305
1/12/2011 0:00,12,2011,Tasmania,TAS,57.0707257,6.2556062
1/01/2012 0:00,1,2012,Tasmania,TAS,56.8975238,6.4667643
1/02/2012 0:00,2,2012,Tasmania,TAS,56.678704,6.650143
1/03/2012 0:00,3,2012,Tasmania,TAS,56.4545826,6.7961222
1/04/2012 0:00,4,2012,Tasmania,TAS,56.2788881,6.8977025
1/05/2012 0:00,5,2012,Tasmania,TAS,56.1844145,6.9547605
1/06/2012 0:00,6,2012,Tasmania,TAS,56.1662058,6.976014
1/07/2012 0:00,7,2012,Tasmania,TAS,56.2003924,6.9754521
1/08/2012 0:00,8,2012,Tasmania,TAS,56.2261288,6.9723701
1/09/2012 0:00,9,2012,Tasmania,TAS,56.2193627,6.9800927
1/10/2012 0:00,10,2012,Tasmania,TAS,56.168756,7.0082077
1/11/2012 0:00,11,2012,Tasmania,TAS,56.0848266,7.0600282
1/12/2012 0:00,12,2012,Tasmania,TAS,56.0021256,7.1321489
1/01/2013 0:00,1,2013,Tasmania,TAS,55.9293588,7.2229873
1/02/2013 0:00,2,2013,Tasmania,TAS,55.8927898,7.323495
1/03/2013 0:00,3,2013,Tasmania,TAS,55.8732686,7.430048
1/04/2013 0:00,4,2013,Tasmania,TAS,55.8283245,7.5406085
1/05/2013 0:00,5,2013,Tasmania,TAS,55.7401204,7.648474
1/06/2013 0:00,6,2013,Tasmania,TAS,55.6020274,7.7466194
1/07/2013 0:00,7,2013,Tasmania,TAS,55.4237691,7.8266758
1/08/2013 0:00,8,2013,Tasmania,TAS,55.2404236,7.8814906
1/09/2013 0:00,9,2013,Tasmania,TAS,55.096622,7.9032112
1/10/2013 0:00,10,2013,Tasmania,TAS,55.0355329,7.885278
1/11/2013 0:00,11,2013,Tasmania,TAS,55.108419,7.8266635
1/12/2013 0:00,12,2013,Tasmania,TAS,55.2981324,7.7371356
1/01/2014 0:00,1,2014,Tasmania,TAS,55.5543275,7.6327789
1/02/2014 0:00,2,2014,Tasmania,TAS,55.8313756,7.5300294
1/03/2014 0:00,3,2014,Tasmania,TAS,56.0754867,7.443378
1/04/2014 0:00,4,2014,Tasmania,TAS,56.2496009,7.3765331
1/05/2014 0:00,5,2014,Tasmania,TAS,56.346414,7.3241249
1/06/2014 0:00,6,2014,Tasmania,TAS,56.4086096,7.2734812
1/07/2014 0:00,7,2014,Tasmania,TAS,56.5061695,7.2106105
1/08/2014 0:00,8,2014,Tasmania,TAS,56.6662903,7.1333475
1/09/2014 0:00,9,2014,Tasmania,TAS,56.8719002,7.0454192
1/10/2014 0:00,10,2014,Tasmania,TAS,57.0829311,6.9542171
1/11/2014 0:00,11,2014,Tasmania,TAS,57.2349708,6.8678301
1/12/2014 0:00,12,2014,Tasmania,TAS,57.2804833,6.7914455
1/01/2015 0:00,1,2015,Tasmania,TAS,57.2177126,6.7257526
1/02/2015 0:00,2,2015,Tasmania,TAS,57.0677415,6.6709994
1/03/2015 0:00,3,2015,Tasmania,TAS,56.9015833,6.6225752
1/04/2015 0:00,4,2015,Tasmania,TAS,56.8031548,6.574982
1/05/2015 0:00,5,2015,Tasmania,TAS,56.809469,6.5310166
1/06/2015 0:00,6,2015,Tasmania,TAS,56.9009719,6.4964623
1/07/2015 0:00,7,2015,Tasmania,TAS,57.0292622,6.4748928
1/08/2015 0:00,8,2015,Tasmania,TAS,57.1381977,6.4692029
1/09/2015 0:00,9,2015,Tasmania,TAS,57.1679598,6.4782748
1/10/2015 0:00,10,2015,Tasmania,TAS,57.0757991,6.4994219
1/11/2015 0:00,11,2015,Tasmania,TAS,56.8832558,6.5284896
1/12/2015 0:00,12,2015,Tasmania,TAS,56.6426521,6.5571196
1/01/2016 0:00,1,2016,Tasmania,TAS,56.4037764,6.5782543
1/02/2016 0:00,2,2016,Tasmania,TAS,56.1889815,6.5902118
1/03/2016 0:00,3,2016,Tasmania,TAS,56.0050578,6.5923534
1/04/2016 0:00,4,2016,Tasmania,TAS,55.8637058,6.5811464
1/05/2016 0:00,5,2016,Tasmania,TAS,55.7675649,6.5550452
1/06/2016 0:00,6,2016,Tasmania,TAS,55.7151734,6.5157086
1/07/2016 0:00,7,2016,Tasmania,TAS,55.6956139,6.4680402
1/08/2016 0:00,8,2016,Tasmania,TAS,55.7223029,6.4107971
1/09/2016 0:00,9,2016,Tasmania,TAS,55.7906651,6.343287
1/10/2016 0:00,10,2016,Tasmania,TAS,55.8836901,6.2680049
1/11/2016 0:00,11,2016,Tasmania,TAS,55.9706142,6.1872603
1/12/2016 0:00,12,2016,Tasmania,TAS,56.0495811,6.1037348
1/01/2017 0:00,1,2017,Tasmania,TAS,56.1716711,6.015514
1/02/2017 0:00,2,2017,Tasmania,TAS,56.3761433,5.9262986
1/03/2017 0:00,3,2017,Tasmania,TAS,56.6594045,5.843626
1/04/2017 0:00,4,2017,Tasmania,TAS,56.9809835,5.778268
1/05/2017 0:00,5,2017,Tasmania,TAS,57.2809349,5.7401386
1/06/2017 0:00,6,2017,Tasmania,TAS,57.5138229,5.7314254
1/07/2017 0:00,7,2017,Tasmania,TAS,57.6444564,5.752052
1/08/2017 0:00,8,2017,Tasmania,TAS,57.6751222,5.7941631
1/09/2017 0:00,9,2017,Tasmania,TAS,57.6290225,5.8477359
1/10/2017 0:00,10,2017,Tasmania,TAS,57.5585529,5.9020001
1/11/2017 0:00,11,2017,Tasmania,TAS,57.503628,5.9484311
1/12/2017 0:00,12,2017,Tasmania,TAS,57.4838991,5.9808913
1/01/2018 0:00,1,2018,Tasmania,TAS,57.4927551,5.997734
1/02/2018 0:00,2,2018,Tasmania,TAS,57.5265126,5.9954849
1/03/2018 0:00,3,2018,Tasmania,TAS,57.5947789,5.9713701
1/04/2018 0:00,4,2018,Tasmania,TAS,57.6676701,5.9329501
1/05/2018 0:00,5,2018,Tasmania,TAS,57.7131737,5.8924545
1/06/2018 0:00,6,2018,Tasmania,TAS,57.7141371,5.8649517
1/07/2018 0:00,7,2018,Tasmania,TAS,57.6483285,5.8650926
1/08/2018 0:00,8,2018,Tasmania,TAS,57.5082173,5.9017325
1/09/2018 0:00,9,2018,Tasmania,TAS,57.323098,5.9781547
1/10/2018 0:00,10,2018,Tasmania,TAS,57.1121534,6.0915239
1/11/2018 0:00,11,2018,Tasmania,TAS,56.8914567,6.2311756
1/12/2018 0:00,12,2018,Tasmania,TAS,56.6872367,6.3814119
1/01/2019 0:00,1,2019,Tasmania,TAS,56.5222199,6.523929
1/02/2019 0:00,2,2019,Tasmania,TAS,56.4162651,6.6408865
1/03/2019 0:00,3,2019,Tasmania,TAS,56.372686,6.716683
1/04/2019 0:00,4,2019,Tasmania,TAS,56.3892422,6.7423352
1/05/2019 0:00,5,2019,Tasmania,TAS,56.4559702,6.7155542
1/06/2019 0:00,6,2019,Tasmania,TAS,56.5468138,6.6415922
1/07/2019 0:00,7,2019,Tasmania,TAS,56.6627115,6.5284341
1/08/2019 0:00,8,2019,Tasmania,TAS,56.8167366,6.3899124
1/09/2019 0:00,9,2019,Tasmania,TAS,57.0099014,6.2475051
1/10/2019 0:00,10,2019,Tasmania,TAS,57.2298758,6.1183757
1/11/2019 0:00,11,2019,Tasmania,TAS,57.4671394,6.0157093
1/12/2019 0:00,12,2019,Tasmania,TAS,57.6746448,5.9509872
1/01/2020 0:00,1,2020,Tasmania,TAS,57.7932824,5.9317229
1/02/2020 0:00,2,2020,Tasmania,TAS,57.7944166,5.9610781
1/03/2020 0:00,3,2020,Tasmania,TAS,57.6976381,6.0350776
1/04/2020 0:00,4,2020,Tasmania,TAS,56.4744435,6.2501234
1/05/2020 0:00,5,2020,Tasmania,TAS,56.3404015,6.3689404
1/06/2020 0:00,6,2020,Tasmania,TAS,56.2681999,6.4810366
1/07/2020 0:00,7,2020,Tasmania,TAS,56.2730845,6.5709396
1/08/2020 0:00,8,2020,Tasmania,TAS,56.3469414,6.629159
1/09/2020 0:00,9,2020,Tasmania,TAS,56.4919285,6.6476538
1/10/2020 0:00,10,2020,Tasmania,TAS,56.700023,6.624937
1/11/2020 0:00,11,2020,Tasmania,TAS,56.9447151,6.5636499
1/12/2020 0:00,12,2020,Tasmania,TAS,57.1867125,6.4707526
1/01/2021 0:00,1,2021,Tasmania,TAS,57.4126349,6.3573581
1/02/2021 0:00,2,2021,Tasmania,TAS,57.6156003,6.2362227
1/03/2021 0:00,3,2021,Tasmania,TAS,57.7947203,6.1214078
1/04/2021 0:00,4,2021,Tasmania,TAS,57.9715653,6.0229886
1/05/2021 0:00,5,2021,Tasmania,TAS,58.1577665,5.9467077
1/06/2021 0:00,6,2021,Tasmania,TAS,58.3444585,4.9569836
1/07/2021 0:00,7,2021,Tasmania,TAS,58.5203017,4.934957
1/08/2021 0:00,8,2021,Tasmania,TAS,58.645216,4.9308375
1/09/2021 0:00,9,2021,Tasmania,TAS,58.6927266,4.9409283
1/10/2021 0:00,10,2021,Tasmania,TAS,58.6777067,4.959878
1/11/2021 0:00,11,2021,Tasmania,TAS,58.6421814,4.9850442
1/12/2021 0:00,12,2021,Tasmania,TAS,58.6224137,4.0702234
1/01/2022 0:00,1,2022,Tasmania,TAS,58.6274074,4.1041743
1/02/2022 0:00,2,2022,Tasmania,TAS,58.6450497,4.1395899
1/03/2022 0:00,3,2022,Tasmania,TAS,58.6736172,4.1718605
1/04/2022 0:00,4,2022,Tasmania,TAS,58.7145335,4.1951487
1/05/2022 0:00,5,2022,Tasmania,TAS,58.7755784,4.2067081
1/06/2022 0:00,6,2022,Tasmania,TAS,58.8789025,4.2049213
1/07/2022 0:00,7,2022,Tasmania,TAS,59.0363747,4.1893398
1/08/2022 0:00,8,2022,Tasmania,TAS,59.244203,4.1614465
1/09/2022 0:00,9,2022,Tasmania,TAS,59.4738153,4.1266159
1/10/2022 0:00,10,2022,Tasmania,TAS,59.6881825,4.0924708
1/11/2022 0:00,11,2022,Tasmania,TAS,59.8645203,4.0651044
1/12/2022 0:00,12,2022,Tasmania,TAS,59.9935511,4.0510978
1/01/2023 0:00,1,2023,Tasmania,TAS,60.0723853,4.0556206
1/02/2023 0:00,2,2023,Tasmania,TAS,60.0980189,4.0777925
1/03/2023 0:00,3,2023,Tasmania,TAS,60.0574304,4.1125795
1/04/2023 0:00,4,2023,Tasmania,TAS,59.9530093,4.1533761
1/05/2023 0:00,5,2023,Tasmania,TAS,59.804384,4.190571
1/06/2023 0:00,6,2023,Tasmania,TAS,59.6395155,4.21591
1/07/2023 0:00,7,2023,Tasmania,TAS,59.5032766,4.2244211
1/08/2023 0:00,8,2023,Tasmania,TAS,59.413462,4.2144725
1/09/2023 0:00,9,2023,Tasmania,TAS,59.3429525,4.1894929
1/10/2023 0:00,10,2023,Tasmania,TAS,59.2508777,4.1589152
1/11/2023 0:00,11,2023,Tasmania,TAS,59.105331,4.1316154
1/12/2023 0:00,12,2023,Tasmania,TAS,58.9201599,4.112419
1/01/2024 0:00,1,2024,Tasmania,TAS,58.7480955,4.0992532
1/02/2024 0:00,2,2024,Tasmania,TAS,58.6342824,4.0890596
1/03/2024 0:00,3,2024,Tasmania,TAS,58.5797624,4.0823118
1/04/2024 0:00,4,2024,Tasmania,TAS,58.5577276,4.0790563
1/05/2024 0:00,5,2024,Tasmania,TAS,58.5165414,4.0821112
1/06/2024 0:00,6,2024,Tasmania,TAS,58.4168108,4.0898686
1/07/2024 0:00,7,2024,Tasmania,TAS,58.2495069,4.0998142
1/08/2024 0:00,8,2024,Tasmania,TAS,58.0467105,4.1076757
1/09/2024 0:00,9,2024,Tasmania,TAS,57.873456,4.1093394
1/10/2024 0:00,10,2024,Tasmania,TAS,57.7746617,4.1007198
1/11/2024 0:00,11,2024,Tasmania,TAS,57.7501632,4.0824082
1/12/2024 0:00,12,2024,Tasmania,TAS,57.7853749,4.0560604
1/01/2025 0:00,1,2025,Tasmania,TAS,57.8559996,4.02434
1/02/2025 0:00,2,2025,Tasmania,TAS,57.9522494,3.9908274
1/03/2025 0:00,3,2025,Tasmania,TAS,58.0875143,3.9600049
1/04/2025 0:00,4,2025,Tasmania,TAS,58.2567933,3.9377949
1/05/2025 0:00,5,2025,Tasmania,TAS,58.4452606,3.9272906
1/06/2025 0:00,6,2025,Tasmania,TAS,58.6431366,3.9310201
1/07/2025 0:00,7,2025,Tasmania,TAS,58.8150163,3.9494194
1/08/2025 0:00,8,2025,Tasmania,TAS,58.9505875,3.9792813
1/09/2025 0:00,9,2025,Tasmania,TAS,59.0460164,4.0177321
1/01/2010 0:00,1,2010,Victoria,VIC,61.9418217,5.3040815
1/02/2010 0:00,2,2010,Victoria,VIC,61.8669084,5.3316398
1/03/2010 0:00,3,2010,Victoria,VIC,61.7422017,5.388802
1/04/2010 0:00,4,2010,Victoria,VIC,61.6388974,5.4378679
1/05/2010 0:00,5,2010,Victoria,VIC,61.604676,5.4711646
1/06/2010 0:00,6,2010,Victoria,VIC,61.6550341,5.4855295
1/07/2010 0:00,7,2010,Victoria,VIC,61.7747117,5.4789752
1/08/2010 0:00,8,2010,Victoria,VIC,61.9438364,5.4422309
1/09/2010 0:00,9,2010,Victoria,VIC,62.1301779,5.3784093
1/10/2010 0:00,10,2010,Victoria,VIC,62.3149237,5.2894868
1/11/2010 0:00,11,2010,Victoria,VIC,62.4727178,5.176207
1/12/2010 0:00,12,2010,Victoria,VIC,62.5739034,5.0577993
1/01/2011 0:00,1,2011,Victoria,VIC,62.6101514,4.9424273
1/02/2011 0:00,2,2011,Victoria,VIC,62.5861677,4.8490243
1/03/2011 0:00,3,2011,Victoria,VIC,62.5082308,4.7954043
1/04/2011 0:00,4,2011,Victoria,VIC,62.3941575,4.7963463
1/05/2011 0:00,5,2011,Victoria,VIC,62.2858083,4.8475289
1/06/2011 0:00,6,2011,Victoria,VIC,62.2090753,4.9349491
1/07/2011 0:00,7,2011,Victoria,VIC,62.1592442,5.0469842
1/08/2011 0:00,8,2011,Victoria,VIC,62.1240548,5.1519714
1/09/2011 0:00,9,2011,Victoria,VIC,62.0693683,5.2204678
1/10/2011 0:00,10,2011,Victoria,VIC,61.9794258,5.257071
1/11/2011 0:00,11,2011,Victoria,VIC,61.8632475,5.274425
1/12/2011 0:00,12,2011,Victoria,VIC,61.7600453,5.2880973
1/01/2012 0:00,1,2012,Victoria,VIC,61.7053566,5.3161307
1/02/2012 0:00,2,2012,Victoria,VIC,61.7142214,5.3636599
1/03/2012 0:00,3,2012,Victoria,VIC,61.7751989,5.4117482
1/04/2012 0:00,4,2012,Victoria,VIC,61.8545885,5.4553456
1/05/2012 0:00,5,2012,Victoria,VIC,61.9035071,5.4903765
1/06/2012 0:00,6,2012,Victoria,VIC,61.8849499,5.5108
1/07/2012 0:00,7,2012,Victoria,VIC,61.7961159,5.5150428
1/08/2012 0:00,8,2012,Victoria,VIC,61.6479969,5.5211159
1/09/2012 0:00,9,2012,Victoria,VIC,61.4797582,5.5356302
1/10/2012 0:00,10,2012,Victoria,VIC,61.3266632,5.5489409
1/11/2012 0:00,11,2012,Victoria,VIC,61.2059348,5.5724144
1/12/2012 0:00,12,2012,Victoria,VIC,61.1145487,5.60822
1/01/2013 0:00,1,2013,Victoria,VIC,61.0643486,5.6514345
1/02/2013 0:00,2,2013,Victoria,VIC,61.0649821,5.6954433
1/03/2013 0:00,3,2013,Victoria,VIC,61.1121931,5.7318937
1/04/2013 0:00,4,2013,Victoria,VIC,61.1735735,5.7461743
1/05/2013 0:00,5,2013,Victoria,VIC,61.2192497,5.74509
1/06/2013 0:00,6,2013,Victoria,VIC,61.2395238,5.7515356
1/07/2013 0:00,7,2013,Victoria,VIC,61.2120878,5.7832237
1/08/2013 0:00,8,2013,Victoria,VIC,61.1374233,5.8456118
1/09/2013 0:00,9,2013,Victoria,VIC,61.021917,5.9366888
1/10/2013 0:00,10,2013,Victoria,VIC,60.8727184,6.0491224
1/11/2013 0:00,11,2013,Victoria,VIC,60.7021673,6.1612287
1/12/2013 0:00,12,2013,Victoria,VIC,60.5282648,6.2574932
1/01/2014 0:00,1,2014,Victoria,VIC,60.365421,6.333801
1/02/2014 0:00,2,2014,Victoria,VIC,60.231843,6.3909484
1/03/2014 0:00,3,2014,Victoria,VIC,60.1543663,6.4475852
1/04/2014 0:00,4,2014,Victoria,VIC,60.1454212,6.5108865
1/05/2014 0:00,5,2014,Victoria,VIC,60.1879,6.5900323
1/06/2014 0:00,6,2014,Victoria,VIC,60.2450751,6.6826836
1/07/2014 0:00,7,2014,Victoria,VIC,60.301957,6.7709051
1/08/2014 0:00,8,2014,Victoria,VIC,60.3559258,6.8397181
1/09/2014 0:00,9,2014,Victoria,VIC,60.416859,6.859005
1/10/2014 0:00,10,2014,Victoria,VIC,60.5096989,6.810709
1/11/2014 0:00,11,2014,Victoria,VIC,60.6361621,6.7005706
1/12/2014 0:00,12,2014,Victoria,VIC,60.7842583,6.5507763
1/01/2015 0:00,1,2015,Victoria,VIC,60.9191532,6.3898832
1/02/2015 0:00,2,2015,Victoria,VIC,61.0177175,6.2483059
1/03/2015 0:00,3,2015,Victoria,VIC,61.0475344,6.1406143
1/04/2015 0:00,4,2015,Victoria,VIC,60.9975595,6.0714829
1/05/2015 0:00,5,2015,Victoria,VIC,60.8942988,6.0254714
1/06/2015 0:00,6,2015,Victoria,VIC,60.7829959,5.9952653
1/07/2015 0:00,7,2015,Victoria,VIC,60.702272,5.9785876
1/08/2015 0:00,8,2015,Victoria,VIC,60.6680073,5.9817151
1/09/2015 0:00,9,2015,Victoria,VIC,60.6859868,6.0040831
1/10/2015 0:00,10,2015,Victoria,VIC,60.7459523,6.0391991
1/11/2015 0:00,11,2015,Victoria,VIC,60.8355932,6.0486571
1/12/2015 0:00,12,2015,Victoria,VIC,60.9237688,6.0179389
1/01/2016 0:00,1,2016,Victoria,VIC,60.9971181,5.9471992
1/02/2016 0:00,2,2016,Victoria,VIC,61.063277,5.8514961
1/03/2016 0:00,3,2016,Victoria,VIC,61.1447023,5.7626605
1/04/2016 0:00,4,2016,Victoria,VIC,61.2491747,5.7092642
1/05/2016 0:00,5,2016,Victoria,VIC,61.3708731,5.7000559
1/06/2016 0:00,6,2016,Victoria,VIC,61.4898712,5.7274144
1/07/2016 0:00,7,2016,Victoria,VIC,61.6069501,5.7771969
1/08/2016 0:00,8,2016,Victoria,VIC,61.7060003,5.8303088
1/09/2016 0:00,9,2016,Victoria,VIC,61.7781988,5.862448
1/10/2016 0:00,10,2016,Victoria,VIC,61.8073975,5.8810953
1/11/2016 0:00,11,2016,Victoria,VIC,61.8073919,5.9024579
1/12/2016 0:00,12,2016,Victoria,VIC,61.8045965,5.9352639
1/01/2017 0:00,1,2017,Victoria,VIC,61.821998,5.9700129
1/02/2017 0:00,2,2017,Victoria,VIC,61.8550583,6.0021084
1/03/2017 0:00,3,2017,Victoria,VIC,61.9025878,6.0267523
1/04/2017 0:00,4,2017,Victoria,VIC,61.9627107,6.0507124
1/05/2017 0:00,5,2017,Victoria,VIC,62.022787,6.0711507
1/06/2017 0:00,6,2017,Victoria,VIC,62.0653821,6.0772626
1/07/2017 0:00,7,2017,Victoria,VIC,62.0968981,6.0614193
1/08/2017 0:00,8,2017,Victoria,VIC,62.1233098,6.0215934
1/09/2017 0:00,9,2017,Victoria,VIC,62.142169,5.970006
1/10/2017 0:00,10,2017,Victoria,VIC,62.1434134,5.9018563
1/11/2017 0:00,11,2017,Victoria,VIC,62.1156259,5.8138922
1/12/2017 0:00,12,2017,Victoria,VIC,62.0587628,5.7069354
1/01/2018 0:00,1,2018,Victoria,VIC,61.9945404,5.5900011
1/02/2018 0:00,2,2018,Victoria,VIC,61.9573213,5.4722514
1/03/2018 0:00,3,2018,Victoria,VIC,61.9666721,5.3557132
1/04/2018 0:00,4,2018,Victoria,VIC,62.0253178,5.2434461
1/05/2018 0:00,5,2018,Victoria,VIC,62.1173372,5.133518
1/06/2018 0:00,6,2018,Victoria,VIC,62.2247325,5.0272307
1/07/2018 0:00,7,2018,Victoria,VIC,62.3231971,4.9168638
1/08/2018 0:00,8,2018,Victoria,VIC,62.4118941,4.7978164
1/09/2018 0:00,9,2018,Victoria,VIC,62.5027579,4.684885
1/10/2018 0:00,10,2018,Victoria,VIC,62.5986958,4.5936153
1/11/2018 0:00,11,2018,Victoria,VIC,62.6855394,4.5495181
1/12/2018 0:00,12,2018,Victoria,VIC,62.7583958,4.5543535
1/01/2019 0:00,1,2019,Victoria,VIC,62.8036166,4.59489
1/02/2019 0:00,2,2019,Victoria,VIC,62.8158643,4.648239
1/03/2019 0:00,3,2019,Victoria,VIC,62.8040362,4.7082664
1/04/2019 0:00,4,2019,Victoria,VIC,62.7952038,4.7672234
1/05/2019 0:00,5,2019,Victoria,VIC,62.8070667,4.8206827
1/06/2019 0:00,6,2019,Victoria,VIC,62.8470705,4.8536403
1/07/2019 0:00,7,2019,Victoria,VIC,62.9144302,4.8555046
1/08/2019 0:00,8,2019,Victoria,VIC,63.0130392,4.8325682
1/09/2019 0:00,9,2019,Victoria,VIC,63.123781,4.7976938
1/10/2019 0:00,10,2019,Victoria,VIC,63.213864,4.7730325
1/11/2019 0:00,11,2019,Victoria,VIC,63.2553096,4.7735692
1/12/2019 0:00,12,2019,Victoria,VIC,63.2286181,4.810713
1/01/2020 0:00,1,2020,Victoria,VIC,63.1404329,4.9007067
1/02/2020 0:00,2,2020,Victoria,VIC,63.0165237,5.0320114
1/03/2020 0:00,3,2020,Victoria,VIC,62.883374,5.177225
1/04/2020 0:00,4,2020,Victoria,VIC,59.6088583,6.2589504
1/05/2020 0:00,5,2020,Victoria,VIC,59.5367682,6.3733263
1/06/2020 0:00,6,2020,Victoria,VIC,59.5140442,7.1127837
1/07/2020 0:00,7,2020,Victoria,VIC,59.5371716,7.158709
1/08/2020 0:00,8,2020,Victoria,VIC,59.6071809,7.184004
1/09/2020 0:00,9,2020,Victoria,VIC,59.7456959,7.1972096
1/10/2020 0:00,10,2020,Victoria,VIC,59.9671015,7.2051556
1/11/2020 0:00,11,2020,Victoria,VIC,61.2729166,7.0925966
1/12/2020 0:00,12,2020,Victoria,VIC,61.5930008,6.2996995
1/01/2021 0:00,1,2021,Victoria,VIC,61.9136398,6.2230993
1/02/2021 0:00,2,2021,Victoria,VIC,62.2070609,6.0968778
1/03/2021 0:00,3,2021,Victoria,VIC,62.4607951,5.9415973
1/04/2021 0:00,4,2021,Victoria,VIC,62.6703771,5.7818478
1/05/2021 0:00,5,2021,Victoria,VIC,62.8526313,4.7794477
1/06/2021 0:00,6,2021,Victoria,VIC,63.0189841,4.6812426
1/07/2021 0:00,7,2021,Victoria,VIC,63.1630173,4.6172504
1/08/2021 0:00,8,2021,Victoria,VIC,63.2860104,4.5689924
1/09/2021 0:00,9,2021,Victoria,VIC,63.3941919,4.5185172
1/10/2021 0:00,10,2021,Victoria,VIC,63.4983743,4.4556092
1/11/2021 0:00,11,2021,Victoria,VIC,63.6175968,4.3752292
1/12/2021 0:00,12,2021,Victoria,VIC,63.7478572,4.2886433
1/01/2022 0:00,1,2022,Victoria,VIC,63.8744669,4.2033518
1/02/2022 0:00,2,2022,Victoria,VIC,63.9861247,4.11361
1/03/2022 0:00,3,2022,Victoria,VIC,64.0776301,4.0082833
1/04/2022 0:00,4,2022,Victoria,VIC,64.1436397,3.8877447
1/05/2022 0:00,5,2022,Victoria,VIC,64.1790367,3.7642051
1/06/2022 0:00,6,2022,Victoria,VIC,64.1873535,3.657905
1/07/2022 0:00,7,2022,Victoria,VIC,64.1842523,3.5844132
1/08/2022 0:00,8,2022,Victoria,VIC,64.1729316,3.5611437
1/09/2022 0:00,9,2022,Victoria,VIC,64.1624396,3.5882159
1/10/2022 0:00,10,2022,Victoria,VIC,64.1734074,3.6402793
1/11/2022 0:00,11,2022,Victoria,VIC,64.2128405,3.6978849
1/12/2022 0:00,12,2022,Victoria,VIC,64.2797857,3.7477388
1/01/2023 0:00,1,2023,Victoria,VIC,64.3734958,3.7842648
1/02/2023 0:00,2,2023,Victoria,VIC,64.486534,3.8066265
1/03/2023 0:00,3,2023,Victoria,VIC,64.6116885,3.8068661
1/04/2023 0:00,4,2023,Victoria,VIC,64.723462,3.7823475
1/05/2023 0:00,5,2023,Victoria,VIC,64.8058576,3.7423648
1/06/2023 0:00,6,2023,Victoria,VIC,64.8507655,3.7067896
1/07/2023 0:00,7,2023,Victoria,VIC,64.8531554,3.6992483
1/08/2023 0:00,8,2023,Victoria,VIC,64.8122413,3.7309176
1/09/2023 0:00,9,2023,Victoria,VIC,64.7342124,3.7886471
1/10/2023 0:00,10,2023,Victoria,VIC,64.6379864,3.8545646
1/11/2023 0:00,11,2023,Victoria,VIC,64.5468439,3.910995
1/12/2023 0:00,12,2023,Victoria,VIC,64.4833242,3.9520374
1/01/2024 0:00,1,2024,Victoria,VIC,64.4457957,3.9933226
1/02/2024 0:00,2,2024,Victoria,VIC,64.439601,4.0546992
1/03/2024 0:00,3,2024,Victoria,VIC,64.4692636,4.1472749
1/04/2024 0:00,4,2024,Victoria,VIC,64.548804,4.2644726
1/05/2024 0:00,5,2024,Victoria,VIC,64.6704706,4.3828695
1/06/2024 0:00,6,2024,Victoria,VIC,64.8121557,4.4779345
1/07/2024 0:00,7,2024,Victoria,VIC,64.9546333,4.5291802
1/08/2024 0:00,8,2024,Victoria,VIC,65.0745507,4.5355466
1/09/2024 0:00,9,2024,Victoria,VIC,65.1390085,4.5220528
1/10/2024 0:00,10,2024,Victoria,VIC,65.1205038,4.5107907
1/11/2024 0:00,11,2024,Victoria,VIC,65.0266717,4.5013898
1/12/2024 0:00,12,2024,Victoria,VIC,64.890082,4.4848387
1/01/2025 0:00,1,2025,Victoria,VIC,64.7564662,4.4584452
1/02/2025 0:00,2,2025,Victoria,VIC,64.660714,4.4303475
1/03/2025 0:00,3,2025,Victoria,VIC,64.6132433,4.4101578
1/04/2025 0:00,4,2025,Victoria,VIC,64.6118842,4.4108114
1/05/2025 0:00,5,2025,Victoria,VIC,64.6428117,4.4387345
1/06/2025 0:00,6,2025,Victoria,VIC,64.690379,4.4894731
1/07/2025 0:00,7,2025,Victoria,VIC,64.7447027,4.5496281
1/08/2025 0:00,8,2025,Victoria,VIC,64.8096218,4.6003109
1/09/2025 0:00,9,2025,Victoria,VIC,64.8866268,4.6257014
1/01/2010 0:00,1,2010,Western Australia,WA,65.0456558,5.0104676
1/02/2010 0:00,2,2010,Western Australia,WA,65.0689424,4.9174
1/03/2010 0:00,3,2010,Western Australia,WA,65.1104418,4.7818591
1/04/2010 0:00,4,2010,Western Australia,WA,65.1865412,4.6243937
1/05/2010 0:00,5,2010,Western Australia,WA,65.2905249,4.4782491
1/06/2010 0:00,6,2010,Western Australia,WA,65.4003789,4.3957535
1/07/2010 0:00,7,2010,Western Australia,WA,65.4944703,4.3763179
1/08/2010 0:00,8,2010,Western Australia,WA,65.5441686,4.415988
1/09/2010 0:00,9,2010,Western Australia,WA,65.5429272,4.4790917
1/10/2010 0:00,10,2010,Western Australia,WA,65.4944787,4.5175859
1/11/2010 0:00,11,2010,Western Australia,WA,65.4259586,4.5020988
1/12/2010 0:00,12,2010,Western Australia,WA,65.3686184,4.4375924
1/01/2011 0:00,1,2011,Western Australia,WA,65.3426716,4.3549773
1/02/2011 0:00,2,2011,Western Australia,WA,65.3603139,4.2767336
1/03/2011 0:00,3,2011,Western Australia,WA,65.4173229,4.2196313
1/04/2011 0:00,4,2011,Western Australia,WA,65.5035591,4.2015734
1/05/2011 0:00,5,2011,Western Australia,WA,65.5901358,4.2168236
1/06/2011 0:00,6,2011,Western Australia,WA,65.6495342,4.254515
1/07/2011 0:00,7,2011,Western Australia,WA,65.6423096,4.2972857
1/08/2011 0:00,8,2011,Western Australia,WA,65.5823011,4.3324553
1/09/2011 0:00,9,2011,Western Australia,WA,65.5265487,4.3326741
1/10/2011 0:00,10,2011,Western Australia,WA,65.5318416,4.2994753
1/11/2011 0:00,11,2011,Western Australia,WA,65.6344008,4.2308703
1/12/2011 0:00,12,2011,Western Australia,WA,65.8316957,4.1369797
1/01/2012 0:00,1,2012,Western Australia,WA,66.0881585,4.0371236
1/02/2012 0:00,2,2012,Western Australia,WA,66.3402434,3.9412303
1/03/2012 0:00,3,2012,Western Australia,WA,66.525188,3.8596619
1/04/2012 0:00,4,2012,Western Australia,WA,66.6213995,3.7987725
1/05/2012 0:00,5,2012,Western Australia,WA,66.6359127,3.7757838
1/06/2012 0:00,6,2012,Western Australia,WA,66.6076977,3.7998675
1/07/2012 0:00,7,2012,Western Australia,WA,66.5749959,3.8668115
1/08/2012 0:00,8,2012,Western Australia,WA,66.5569444,3.9595877
1/09/2012 0:00,9,2012,Western Australia,WA,66.5419817,4.0530782
1/10/2012 0:00,10,2012,Western Australia,WA,66.5059018,4.1332278
1/11/2012 0:00,11,2012,Western Australia,WA,66.4191587,4.2017992
1/12/2012 0:00,12,2012,Western Australia,WA,66.2621144,4.2845379
1/01/2013 0:00,1,2013,Western Australia,WA,66.0446596,4.391576
1/02/2013 0:00,2,2013,Western Australia,WA,65.8015665,4.5269996
1/03/2013 0:00,3,2013,Western Australia,WA,65.5690064,4.6767565
1/04/2013 0:00,4,2013,Western Australia,WA,65.3769729,4.7976241
1/05/2013 0:00,5,2013,Western Australia,WA,65.2351696,4.8634141
1/06/2013 0:00,6,2013,Western Australia,WA,65.140444,4.8511598
1/07/2013 0:00,7,2013,Western Australia,WA,65.0765985,4.7622154
1/08/2013 0:00,8,2013,Western Australia,WA,65.028633,4.6326962
1/09/2013 0:00,9,2013,Western Australia,WA,64.9780815,4.5262934
1/10/2013 0:00,10,2013,Western Australia,WA,64.9102963,4.481237
1/11/2013 0:00,11,2013,Western Australia,WA,64.8291771,4.5062048
1/12/2013 0:00,12,2013,Western Australia,WA,64.7292292,4.5906497
1/01/2014 0:00,1,2014,Western Australia,WA,64.6228882,4.7199211
1/02/2014 0:00,2,2014,Western Australia,WA,64.5353762,4.8618098
1/03/2014 0:00,3,2014,Western Australia,WA,64.4806645,4.9741735
1/04/2014 0:00,4,2014,Western Australia,WA,64.4601283,5.0331256
1/05/2014 0:00,5,2014,Western Australia,WA,64.4722996,5.0403632
1/06/2014 0:00,6,2014,Western Australia,WA,64.5293707,5.0101304
1/07/2014 0:00,7,2014,Western Australia,WA,64.6162873,4.9863789
1/08/2014 0:00,8,2014,Western Australia,WA,64.7037603,4.9901256
1/09/2014 0:00,9,2014,Western Australia,WA,64.7806771,5.0370055
1/10/2014 0:00,10,2014,Western Australia,WA,64.8514025,5.1294651
1/11/2014 0:00,11,2014,Western Australia,WA,64.8949421,5.2635184
1/12/2014 0:00,12,2014,Western Australia,WA,64.9007563,5.4061085
1/01/2015 0:00,1,2015,Western Australia,WA,64.8722952,5.5214724
1/02/2015 0:00,2,2015,Western Australia,WA,64.8121202,5.6140743
1/03/2015 0:00,3,2015,Western Australia,WA,64.7451174,5.7025479
1/04/2015 0:00,4,2015,Western Australia,WA,64.6800354,5.7896563
1/05/2015 0:00,5,2015,Western Australia,WA,64.6154904,5.8806095
1/06/2015 0:00,6,2015,Western Australia,WA,64.531012,5.974434
1/07/2015 0:00,7,2015,Western Australia,WA,64.4330356,6.0675361
1/08/2015 0:00,8,2015,Western Australia,WA,64.3539873,6.1266342
1/09/2015 0:00,9,2015,Western Australia,WA,64.2851242,6.1521016
1/10/2015 0:00,10,2015,Western Australia,WA,64.2219031,6.1357656
1/11/2015 0:00,11,2015,Western Australia,WA,64.1731674,6.0777772
1/12/2015 0:00,12,2015,Western Australia,WA,64.1476247,5.9853307
1/01/2016 0:00,1,2016,Western Australia,WA,64.1151873,5.8732633
1/02/2016 0:00,2,2016,Western Australia,WA,64.069468,5.7714317
1/03/2016 0:00,3,2016,Western Australia,WA,63.9945636,5.7130825
1/04/2016 0:00,4,2016,Western Australia,WA,63.863693,5.7443905
1/05/2016 0:00,5,2016,Western Australia,WA,63.6681482,5.8619486
1/06/2016 0:00,6,2016,Western Australia,WA,63.4149026,6.0284993
1/07/2016 0:00,7,2016,Western Australia,WA,63.1350733,6.2107263
1/08/2016 0:00,8,2016,Western Australia,WA,62.8643558,6.3741751
1/09/2016 0:00,9,2016,Western Australia,WA,62.6558937,6.4844233
1/10/2016 0:00,10,2016,Western Australia,WA,62.5521832,6.5305398
1/11/2016 0:00,11,2016,Western Australia,WA,62.5440314,6.5339151
1/12/2016 0:00,12,2016,Western Australia,WA,62.6129852,6.4889066
1/01/2017 0:00,1,2017,Western Australia,WA,62.7404778,6.3960663
1/02/2017 0:00,2,2017,Western Australia,WA,62.9075296,6.2530275
1/03/2017 0:00,3,2017,Western Australia,WA,63.0847921,6.070073
1/04/2017 0:00,4,2017,Western Australia,WA,63.2701295,5.8816661
1/05/2017 0:00,5,2017,Western Australia,WA,63.4360543,5.7270097
1/06/2017 0:00,6,2017,Western Australia,WA,63.5443124,5.6458659
1/07/2017 0:00,7,2017,Western Australia,WA,63.5908615,5.6406884
1/08/2017 0:00,8,2017,Western Australia,WA,63.6007838,5.6911504
1/09/2017 0:00,9,2017,Western Australia,WA,63.6007546,5.7707574
1/10/2017 0:00,10,2017,Western Australia,WA,63.6058738,5.8477594
1/11/2017 0:00,11,2017,Western Australia,WA,63.6248142,5.9078741
1/12/2017 0:00,12,2017,Western Australia,WA,63.6579515,5.9748718
1/01/2018 0:00,1,2018,Western Australia,WA,63.7009201,6.0552663
1/02/2018 0:00,2,2018,Western Australia,WA,63.7480188,6.1304203
1/03/2018 0:00,3,2018,Western Australia,WA,63.7945558,6.1921062
1/04/2018 0:00,4,2018,Western Australia,WA,63.8381076,6.2205812
1/05/2018 0:00,5,2018,Western Australia,WA,63.8813548,6.2056807
1/06/2018 0:00,6,2018,Western Australia,WA,63.9450849,6.1593254
1/07/2018 0:00,7,2018,Western Australia,WA,64.0082933,6.1208534
1/08/2018 0:00,8,2018,Western Australia,WA,64.0436728,6.127249
1/09/2018 0:00,9,2018,Western Australia,WA,64.0475465,6.1806422
1/10/2018 0:00,10,2018,Western Australia,WA,64.0162588,6.2544264
1/11/2018 0:00,11,2018,Western Australia,WA,63.9563135,6.3103682
1/12/2018 0:00,12,2018,Western Australia,WA,63.8776296,6.3289217
1/01/2019 0:00,1,2019,Western Australia,WA,63.8151561,6.2979909
1/02/2019 0:00,2,2019,Western Australia,WA,63.8000393,6.2290317
1/03/2019 0:00,3,2019,Western Australia,WA,63.8493418,6.1290737
1/04/2019 0:00,4,2019,Western Australia,WA,63.9422975,6.0172316
1/05/2019 0:00,5,2019,Western Australia,WA,64.0408125,5.9145306
1/06/2019 0:00,6,2019,Western Australia,WA,64.1209628,5.8299489
1/07/2019 0:00,7,2019,Western Australia,WA,64.1616536,5.7505021
1/08/2019 0:00,8,2019,Western Australia,WA,64.1685427,5.68174
1/09/2019 0:00,9,2019,Western Australia,WA,64.1582632,5.6215953
1/10/2019 0:00,10,2019,Western Australia,WA,64.1536664,5.5674867
1/11/2019 0:00,11,2019,Western Australia,WA,64.1657189,5.5173346
1/12/2019 0:00,12,2019,Western Australia,WA,64.1863313,5.4778426
1/01/2020 0:00,1,2020,Western Australia,WA,64.1993442,5.4735997
1/02/2020 0:00,2,2020,Western Australia,WA,64.1958655,5.5373961
1/03/2020 0:00,3,2020,Western Australia,WA,64.2053296,5.6624904
1/04/2020 0:00,4,2020,Western Australia,WA,60.5778908,6.1518638
1/05/2020 0:00,5,2020,Western Australia,WA,60.7193352,7.3064793
1/06/2020 0:00,6,2020,Western Australia,WA,60.9586904,7.3651644
1/07/2020 0:00,7,2020,Western Australia,WA,61.2915125,7.3089227
1/08/2020 0:00,8,2020,Western Australia,WA,62.5521141,7.0585216
1/09/2020 0:00,9,2020,Western Australia,WA,62.8909817,6.8482856
1/10/2020 0:00,10,2020,Western Australia,WA,63.1390878,6.6414177
1/11/2020 0:00,11,2020,Western Australia,WA,63.2987506,6.4675763
1/12/2020 0:00,12,2020,Western Australia,WA,63.3999608,6.3300413
1/01/2021 0:00,1,2021,Western Australia,WA,63.5020225,6.2040214
1/02/2021 0:00,2,2021,Western Australia,WA,63.6451702,6.0546623
1/03/2021 0:00,3,2021,Western Australia,WA,63.8451941,5.1407992
1/04/2021 0:00,4,2021,Western Australia,WA,64.098191,4.9656644
1/05/2021 0:00,5,2021,Western Australia,WA,64.3962262,4.7947269
1/06/2021 0:00,6,2021,Western Australia,WA,64.7142843,4.6285994
1/07/2021 0:00,7,2021,Western Australia,WA,65.0403529,4.4675664
1/08/2021 0:00,8,2021,Western Australia,WA,65.3781033,4.3102583
1/09/2021 0:00,9,2021,Western Australia,WA,65.7305853,4.1547197
1/10/2021 0:00,10,2021,Western Australia,WA,66.065705,4.0197615
1/11/2021 0:00,11,2021,Western Australia,WA,66.3498967,3.9166117
1/12/2021 0:00,12,2021,Western Australia,WA,66.5585259,3.8421187
1/01/2022 0:00,1,2022,Western Australia,WA,66.6861883,3.8019053
1/02/2022 0:00,2,2022,Western Australia,WA,66.7419116,3.7888352
1/03/2022 0:00,3,2022,Western Australia,WA,66.7561139,3.2640114
1/04/2022 0:00,4,2022,Western Australia,WA,66.7531136,3.254547
1/05/2022 0:00,5,2022,Western Australia,WA,66.7389836,3.2566535
1/06/2022 0:00,6,2022,Western Australia,WA,66.7037895,3.2810025
1/07/2022 0:00,7,2022,Western Australia,WA,66.6477442,3.3325065
1/08/2022 0:00,8,2022,Western Australia,WA,66.5671776,3.4006592
1/09/2022 0:00,9,2022,Western Australia,WA,66.4694089,3.4781106
1/10/2022 0:00,10,2022,Western Australia,WA,66.3804729,3.5482715
1/11/2022 0:00,11,2022,Western Australia,WA,66.3243381,3.599013
1/12/2022 0:00,12,2022,Western Australia,WA,66.306926,3.6339893
1/01/2023 0:00,1,2023,Western Australia,WA,66.3122858,3.6516834
1/02/2023 0:00,2,2023,Western Australia,WA,66.3025235,3.6482534
1/03/2023 0:00,3,2023,Western Australia,WA,66.2641433,3.6322615
1/04/2023 0:00,4,2023,Western Australia,WA,66.2030185,3.6061602
1/05/2023 0:00,5,2023,Western Australia,WA,66.1516498,3.5791295
1/06/2023 0:00,6,2023,Western Australia,WA,66.154915,3.5619222
1/07/2023 0:00,7,2023,Western Australia,WA,66.2181374,3.566731
1/08/2023 0:00,8,2023,Western Australia,WA,66.3008655,3.6066697
1/09/2023 0:00,9,2023,Western Australia,WA,66.3709721,3.6758751
1/10/2023 0:00,10,2023,Western Australia,WA,66.4069769,3.7451079
1/11/2023 0:00,11,2023,Western Australia,WA,66.3901759,3.8023865
1/12/2023 0:00,12,2023,Western Australia,WA,66.3481444,3.8327882
1/01/2024 0:00,1,2024,Western Australia,WA,66.3198843,3.8320205
1/02/2024 0:00,2,2024,Western Australia,WA,66.3270331,3.809439
1/03/2024 0:00,3,2024,Western Australia,WA,66.3740125,3.789119
1/04/2024 0:00,4,2024,Western Australia,WA,66.4462813,3.7755193
1/05/2024 0:00,5,2024,Western Australia,WA,66.5088352,3.7749895
1/06/2024 0:00,6,2024,Western Australia,WA,66.5278447,3.7830231
1/07/2024 0:00,7,2024,Western Australia,WA,66.5145285,3.7773908
1/08/2024 0:00,8,2024,Western Australia,WA,66.5068701,3.7446111
1/09/2024 0:00,9,2024,Western Australia,WA,66.5256312,3.6858414
1/10/2024 0:00,10,2024,Western Australia,WA,66.5679748,3.6154588
1/11/2024 0:00,11,2024,Western Australia,WA,66.6185052,3.5517148
1/12/2024 0:00,12,2024,Western Australia,WA,66.6612142,3.514822
1/01/2025 0:00,1,2025,Western Australia,WA,66.6690278,3.5270151
1/02/2025 0:00,2,2025,Western Australia,WA,66.6439788,3.5980913
1/03/2025 0:00,3,2025,Western Australia,WA,66.5711081,3.7061383
1/04/2025 0:00,4,2025,Western Australia,WA,66.4451367,3.8284348
1/05/2025 0:00,5,2025,Western Australia,WA,66.2882038,3.9447148
1/06/2025 0:00,6,2025,Western Australia,WA,66.1115596,4.0306105
1/07/2025 0:00,7,2025,Western Australia,WA,65.9135619,4.088319
1/08/2025 0:00,8,2025,Western Australia,WA,65.723101,4.1229756
1/09/2025 0:00,9,2025,Western Australia,WA,65.5732725,4.1421346
